#usda 1.0
(
    endTimeCode = 720
    startTimeCode = 0
    subLayers = [
        @../scenes/newscene/newscene.usda@
    ]
    timeCodesPerSecond = 30
)

over "World"
{
    over "Folded_TShirt_V_Neck_10_Pile_White_VRay_StemCell_01"
    {
        over "Folded_TShirt_V_Neck_10_Pile_White_VRay_StemCell"
        {
            over "TShirts_Hanging_V_neck_04"
            {
            }
        }
    }

    over "Robot"
    {
        float3 xformOp:rotateXYZ.timeSamples = {
            0: (0, 0, 0),
            1: (0, 0, 0),
            2: (0, 0, 0),
            3: (0, 0, 0),
            4: (0, 0, 0),
            5: (0, 0, 0),
            6: (0, 0, 0),
            7: (0, 0, 0),
            8: (0, 0, 0),
            9: (0, 0, 0),
            10: (0, 0, 0),
            11: (0, 0, 0),
            12: (0, 0, 0),
            13: (0, 0, 0),
            14: (0, 0, 0),
            15: (0, 0, 0),
            16: (0, 0, 0),
            17: (0, 0, 0),
            18: (0, 0, 0),
            19: (0, 0, 0),
            20: (0, 0, 0),
            21: (0, 0, 0),
            22: (0, 0, 0),
            23: (0, 0, 0),
            24: (0, 0, 0),
            25: (0, 0, 0),
            26: (0, 0, 0),
            27: (0, 0, 0),
            28: (0, 0, 0),
            29: (0, 0, 0),
            30: (0, 0, 0),
            31: (0, 0, 0),
            32: (0, 0, 0),
            33: (0, 0, 0),
            34: (0, 0, 0),
            35: (0, 0, 0),
            36: (0, 0, 0),
            37: (0, 0, 0),
            38: (0, 0, 0),
            39: (0, 0, 0),
            40: (0, 0, 0),
            41: (0, 0, 0),
            42: (0, 0, 0),
            43: (0, 0, 0),
            44: (0, 0, 0),
            45: (0, 0, 0),
            46: (0, 0, 0),
            47: (0, 0, 0),
            48: (0, 0, 0),
            49: (0, 0, 0),
            50: (0, 0, 0),
            51: (0, 0, 0),
            52: (0, 0, 0),
            53: (0, 0, 0),
            54: (0, 0, 0),
            55: (0, 0, 0),
            56: (0, 0, 0),
            57: (0, 0, 0),
            58: (0, 0, 0),
            59: (0, 0, 0),
            60: (0, 0, 0),
            61: (0, 0, 0),
            62: (0, 0, 0),
            63: (0, 0, 0),
            64: (0, 0, 0),
            65: (0, 0, 0),
            66: (0, 0, 0),
            67: (0, 0, 0),
            68: (0, 0, 0),
            69: (0, 0, 0),
            70: (0, 0, 0),
            71: (0, 0, 0),
            72: (0, 0, 0),
            73: (0, 0, 0),
            74: (0, 0, 0),
            75: (0, 0, 0),
            76: (0, 0, 0),
            77: (0, 0, 0),
            78: (0, 0, 0),
            79: (0, 0, 0),
            80: (0, 0, 0),
            81: (0, 0, 0),
            82: (0, 0, 0),
            83: (0, 0, 0),
            84: (0, 0, 0),
            85: (0, 0, 0),
            86: (0, 0, 0),
            87: (0, 0, 0),
            88: (0, 0, 0),
            89: (0, 0, 0),
            90: (0, 0, 0),
            91: (0, 0, 0),
            92: (0, 0, 0),
            93: (0, 0, 0),
            94: (0, 0, 0),
            95: (0, 0, 0),
            96: (0, 0, 0),
            97: (0, 0, 0),
            98: (0, 0, 0),
            99: (0, 0, 0),
            100: (0, 0, 0),
            101: (0, 0, 0),
            102: (0, 0, 0),
            103: (0, 0, 0),
            104: (0, 0, 0),
            105: (0, 0, 0),
            106: (0, 0, 0),
            107: (0, 0, 0),
            108: (0, 0, 0),
            109: (0, 0, 0),
            110: (0, 0, 0),
            111: (0, 0, 0),
            112: (0, 0, 0),
            113: (0, 0, 0),
            114: (0, 0, 0),
            115: (0, 0, 0),
            116: (0, 0, 0),
            117: (0, 0, 0),
            118: (0, 0, 0),
            119: (0, 0, 0),
            120: (0, 0, 0),
            121: (0, 0, -0.06098367),
            122: (0, 0, -0.24119385),
            123: (0, 0, -0.5365192),
            124: (0, 0, -0.9428486),
            125: (0, 0, -1.4560708),
            126: (0, 0, -2.0720744),
            127: (0, 0, -2.7867482),
            128: (0, 0, -3.595981),
            129: (0, 0, -4.4956613),
            130: (0, 0, -5.481678),
            131: (0, 0, -6.54992),
            132: (0, 0, -7.696276),
            133: (0, 0, -8.916635),
            134: (0, 0, -10.206884),
            135: (0, 0, -11.562915),
            136: (0, 0, -12.980614),
            137: (0, 0, -14.455871),
            138: (0, 0, -15.984573),
            139: (0, 0, -17.562613),
            140: (0, 0, -19.185873),
            141: (0, 0, -20.850248),
            142: (0, 0, -22.551624),
            143: (0, 0, -24.28589),
            144: (0, 0, -26.048935),
            145: (0, 0, -27.836647),
            146: (0, 0, -29.644917),
            147: (0, 0, -31.46963),
            148: (0, 0, -33.306675),
            149: (0, 0, -35.151947),
            150: (0, 0, -37.001328),
            151: (0, 0, -38.850708),
            152: (0, 0, -40.69598),
            153: (0, 0, -42.533028),
            154: (0, 0, -44.35774),
            155: (0, 0, -46.166008),
            156: (0, 0, -47.95372),
            157: (0, 0, -49.716766),
            158: (0, 0, -51.45103),
            159: (0, 0, -53.15241),
            160: (0, 0, -54.816784),
            161: (0, 0, -56.440044),
            162: (0, 0, -58.01808),
            163: (0, 0, -59.546783),
            164: (0, 0, -61.02204),
            165: (0, 0, -62.43974),
            166: (0, 0, -63.795773),
            167: (0, 0, -65.08602),
            168: (0, 0, -66.30638),
            169: (0, 0, -67.452736),
            170: (0, 0, -68.52098),
            171: (0, 0, -69.506996),
            172: (0, 0, -70.40668),
            173: (0, 0, -71.215904),
            174: (0, 0, -71.93058),
            175: (0, 0, -72.546585),
            176: (0, 0, -73.05981),
            177: (0, 0, -73.46613),
            178: (0, 0, -73.76146),
            179: (0, 0, -73.94167),
            180: (0, 0, -74.002655),
            181: (0, 0, -74.01305),
            182: (0, 0, -74.04374),
            183: (0, 0, -74.09404),
            184: (0, 0, -74.16325),
            185: (0, 0, -74.25067),
            186: (0, 0, -74.3556),
            187: (0, 0, -74.47733),
            188: (0, 0, -74.615166),
            189: (0, 0, -74.76842),
            190: (0, 0, -74.93636),
            191: (0, 0, -75.118324),
            192: (0, 0, -75.31358),
            193: (0, 0, -75.521454),
            194: (0, 0, -75.74122),
            195: (0, 0, -75.9722),
            196: (0, 0, -76.21368),
            197: (0, 0, -76.464966),
            198: (0, 0, -76.72535),
            199: (0, 0, -76.99414),
            200: (0, 0, -77.27064),
            201: (0, 0, -77.55414),
            202: (0, 0, -77.84393),
            203: (0, 0, -78.139336),
            204: (0, 0, -78.439644),
            205: (0, 0, -78.74415),
            206: (0, 0, -79.052155),
            207: (0, 0, -79.36296),
            208: (0, 0, -79.67587),
            209: (0, 0, -79.99018),
            210: (0, 0, -80.30519),
            211: (0, 0, -80.6202),
            212: (0, 0, -80.93451),
            213: (0, 0, -81.24742),
            214: (0, 0, -81.55823),
            215: (0, 0, -81.866234),
            216: (0, 0, -82.170746),
            217: (0, 0, -82.47105),
            218: (0, 0, -82.76645),
            219: (0, 0, -83.05625),
            220: (0, 0, -83.339745),
            221: (0, 0, -83.61624),
            222: (0, 0, -83.88503),
            223: (0, 0, -84.14542),
            224: (0, 0, -84.396706),
            225: (0, 0, -84.63818),
            226: (0, 0, -84.86916),
            227: (0, 0, -85.088936),
            228: (0, 0, -85.2968),
            229: (0, 0, -85.492065),
            230: (0, 0, -85.67402),
            231: (0, 0, -85.84197),
            232: (0, 0, -85.99522),
            233: (0, 0, -86.13306),
            234: (0, 0, -86.25478),
            235: (0, 0, -86.35971),
            236: (0, 0, -86.44713),
            237: (0, 0, -86.51634),
            238: (0, 0, -86.56664),
            239: (0, 0, -86.59734),
            240: (0, 0, -86.60773),
            241: (0, 0, -86.60773),
            242: (0, 0, -86.60773),
            243: (0, 0, -86.60773),
            244: (0, 0, -86.60773),
            245: (0, 0, -86.60773),
            246: (0, 0, -86.60773),
            247: (0, 0, -86.60773),
            248: (0, 0, -86.60773),
            249: (0, 0, -86.60773),
            250: (0, 0, -86.60773),
            251: (0, 0, -86.60773),
            252: (0, 0, -86.60773),
            253: (0, 0, -86.60773),
            254: (0, 0, -86.60773),
            255: (0, 0, -86.60773),
            256: (0, 0, -86.60773),
            257: (0, 0, -86.60773),
            258: (0, 0, -86.60773),
            259: (0, 0, -86.60773),
            260: (0, 0, -86.60773),
            261: (0, 0, -86.60773),
            262: (0, 0, -86.60773),
            263: (0, 0, -86.60773),
            264: (0, 0, -86.60773),
            265: (0, 0, -86.60773),
            266: (0, 0, -86.60773),
            267: (0, 0, -86.60773),
            268: (0, 0, -86.60773),
            269: (0, 0, -86.60773),
            270: (0, 0, -86.60773),
            271: (0, 0, -86.60773),
            272: (0, 0, -86.60773),
            273: (0, 0, -86.60773),
            274: (0, 0, -86.60773),
            275: (0, 0, -86.60773),
            276: (0, 0, -86.60773),
            277: (0, 0, -86.60773),
            278: (0, 0, -86.60773),
            279: (0, 0, -86.60773),
            280: (0, 0, -86.60773),
            281: (0, 0, -86.60773),
            282: (0, 0, -86.60773),
            283: (0, 0, -86.60773),
            284: (0, 0, -86.60773),
            285: (0, 0, -86.60773),
            286: (0, 0, -86.60773),
            287: (0, 0, -86.60773),
            288: (0, 0, -86.60773),
            289: (0, 0, -86.60773),
            290: (0, 0, -86.60773),
            291: (0, 0, -86.60773),
            292: (0, 0, -86.60773),
            293: (0, 0, -86.60773),
            294: (0, 0, -86.60773),
            295: (0, 0, -86.60773),
            296: (0, 0, -86.60773),
            297: (0, 0, -86.60773),
            298: (0, 0, -86.60773),
            299: (0, 0, -86.60773),
            300: (0, 0, -86.60773),
            301: (0, 0, -86.60773),
            302: (0, 0, -86.60773),
            303: (0, 0, -86.60773),
            304: (0, 0, -86.60773),
            305: (0, 0, -86.60773),
            306: (0, 0, -86.60773),
            307: (0, 0, -86.60773),
            308: (0, 0, -86.60773),
            309: (0, 0, -86.60773),
            310: (0, 0, -86.60773),
            311: (0, 0, -86.60773),
            312: (0, 0, -86.60773),
            313: (0, 0, -86.60773),
            314: (0, 0, -86.60773),
            315: (0, 0, -86.60773),
            316: (0, 0, -86.60773),
            317: (0, 0, -86.60773),
            318: (0, 0, -86.60773),
            319: (0, 0, -86.60773),
            320: (0, 0, -86.60773),
            321: (0, 0, -86.60773),
            322: (0, 0, -86.60773),
            323: (0, 0, -86.60773),
            324: (0, 0, -86.60773),
            325: (0, 0, -86.60773),
            326: (0, 0, -86.60773),
            327: (0, 0, -86.60773),
            328: (0, 0, -86.60773),
            329: (0, 0, -86.60773),
            330: (0, 0, -86.60773),
            331: (0, 0, -86.60773),
            332: (0, 0, -86.60773),
            333: (0, 0, -86.60773),
            334: (0, 0, -86.60773),
            335: (0, 0, -86.60773),
            336: (0, 0, -86.60773),
            337: (0, 0, -86.60773),
            338: (0, 0, -86.60773),
            339: (0, 0, -86.60773),
            340: (0, 0, -86.60773),
            341: (0, 0, -86.60773),
            342: (0, 0, -86.60773),
            343: (0, 0, -86.60773),
            344: (0, 0, -86.60773),
            345: (0, 0, -86.60773),
            346: (0, 0, -86.60773),
            347: (0, 0, -86.60773),
            348: (0, 0, -86.60773),
            349: (0, 0, -86.60773),
            350: (0, 0, -86.60773),
            351: (0, 0, -86.60773),
            352: (0, 0, -86.60773),
            353: (0, 0, -86.60773),
            354: (0, 0, -86.60773),
            355: (0, 0, -86.60773),
            356: (0, 0, -86.60773),
            357: (0, 0, -86.60773),
            358: (0, 0, -86.60773),
            359: (0, 0, -86.60773),
            360: (0, 0, -86.60773),
            361: (0, 0, -86.60773),
            362: (0, 0, -86.60773),
            363: (0, 0, -86.60773),
            364: (0, 0, -86.60773),
            365: (0, 0, -86.60773),
            366: (0, 0, -86.60773),
            367: (0, 0, -86.60773),
            368: (0, 0, -86.60773),
            369: (0, 0, -86.60773),
            370: (0, 0, -86.60773),
            371: (0, 0, -86.60773),
            372: (0, 0, -86.60773),
            373: (0, 0, -86.60773),
            374: (0, 0, -86.60773),
            375: (0, 0, -86.60773),
            376: (0, 0, -86.60773),
            377: (0, 0, -86.60773),
            378: (0, 0, -86.60773),
            379: (0, 0, -86.60773),
            380: (0, 0, -86.60773),
            381: (0, 0, -86.60773),
            382: (0, 0, -86.60773),
            383: (0, 0, -86.60773),
            384: (0, 0, -86.60773),
            385: (0, 0, -86.60773),
            386: (0, 0, -86.60773),
            387: (0, 0, -86.60773),
            388: (0, 0, -86.60773),
            389: (0, 0, -86.60773),
            390: (0, 0, -86.60773),
            391: (0, 0, -86.60773),
            392: (0, 0, -86.60773),
            393: (0, 0, -86.60773),
            394: (0, 0, -86.60773),
            395: (0, 0, -86.60773),
            396: (0, 0, -86.60773),
            397: (0, 0, -86.60773),
            398: (0, 0, -86.60773),
            399: (0, 0, -86.60773),
            400: (0, 0, -86.60773),
            401: (0, 0, -86.60773),
            402: (0, 0, -86.60773),
            403: (0, 0, -86.60773),
            404: (0, 0, -86.60773),
            405: (0, 0, -86.60773),
            406: (0, 0, -86.60773),
            407: (0, 0, -86.60773),
            408: (0, 0, -86.60773),
            409: (0, 0, -86.60773),
            410: (0, 0, -86.60773),
            411: (0, 0, -86.60773),
            412: (0, 0, -86.60773),
            413: (0, 0, -86.60773),
            414: (0, 0, -86.60773),
            415: (0, 0, -86.60773),
            416: (0, 0, -86.60773),
            417: (0, 0, -86.60773),
            418: (0, 0, -86.60773),
            419: (0, 0, -86.60773),
            420: (0, 0, -86.60773),
            421: (0, 0, -86.51471),
            422: (0, 0, -86.239845),
            423: (0, 0, -85.7894),
            424: (0, 0, -85.16965),
            425: (0, 0, -84.386856),
            426: (0, 0, -83.44729),
            427: (0, 0, -82.35723),
            428: (0, 0, -81.12295),
            429: (0, 0, -79.75071),
            430: (0, 0, -78.24679),
            431: (0, 0, -76.61745),
            432: (0, 0, -74.868965),
            433: (0, 0, -73.007614),
            434: (0, 0, -71.03966),
            435: (0, 0, -68.97137),
            436: (0, 0, -66.80902),
            437: (0, 0, -64.55888),
            438: (0, 0, -62.227226),
            439: (0, 0, -59.82032),
            440: (0, 0, -57.344437),
            441: (0, 0, -54.805847),
            442: (0, 0, -52.210823),
            443: (0, 0, -49.565628),
            444: (0, 0, -46.87654),
            445: (0, 0, -44.14983),
            446: (0, 0, -41.391766),
            447: (0, 0, -38.60862),
            448: (0, 0, -35.80666),
            449: (0, 0, -32.992157),
            450: (0, 0, -30.171385),
            451: (0, 0, -27.350613),
            452: (0, 0, -24.536112),
            453: (0, 0, -21.734152),
            454: (0, 0, -18.951004),
            455: (0, 0, -16.192938),
            456: (0, 0, -13.466228),
            457: (0, 0, -10.77714),
            458: (0, 0, -8.1319475),
            459: (0, 0, -5.536921),
            460: (0, 0, -2.9983306),
            461: (0, 0, -0.52244735),
            462: (0, 0, 1.8844582),
            463: (0, 0, 4.2161155),
            464: (0, 0, 6.4662533),
            465: (0, 0, 8.628601),
            466: (0, 0, 10.696889),
            467: (0, 0, 12.6648445),
            468: (0, 0, 14.526199),
            469: (0, 0, 16.274681),
            470: (0, 0, 17.904018),
            471: (0, 0, 19.407942),
            472: (0, 0, 20.780182),
            473: (0, 0, 22.014465),
            474: (0, 0, 23.104523),
            475: (0, 0, 24.044085),
            476: (0, 0, 24.826878),
            477: (0, 0, 25.44663),
            478: (0, 0, 25.897078),
            479: (0, 0, 26.171944),
            480: (0, 0, 26.264957),
            481: (0, 0, 26.264957),
            482: (0, 0, 26.264957),
            483: (0, 0, 26.264957),
            484: (0, 0, 26.264957),
            485: (0, 0, 26.264957),
            486: (0, 0, 26.264957),
            487: (0, 0, 26.264957),
            488: (0, 0, 26.264957),
            489: (0, 0, 26.264957),
            490: (0, 0, 26.264957),
            491: (0, 0, 26.264957),
            492: (0, 0, 26.264957),
            493: (0, 0, 26.264957),
            494: (0, 0, 26.264957),
            495: (0, 0, 26.264957),
            496: (0, 0, 26.264957),
            497: (0, 0, 26.264957),
            498: (0, 0, 26.264957),
            499: (0, 0, 26.264957),
            500: (0, 0, 26.264957),
            501: (0, 0, 26.264957),
            502: (0, 0, 26.264957),
            503: (0, 0, 26.264957),
            504: (0, 0, 26.264957),
            505: (0, 0, 26.264957),
            506: (0, 0, 26.264957),
            507: (0, 0, 26.264957),
            508: (0, 0, 26.264957),
            509: (0, 0, 26.264957),
            510: (0, 0, 26.264957),
            511: (0, 0, 26.264957),
            512: (0, 0, 26.264957),
            513: (0, 0, 26.264957),
            514: (0, 0, 26.264957),
            515: (0, 0, 26.264957),
            516: (0, 0, 26.264957),
            517: (0, 0, 26.264957),
            518: (0, 0, 26.264957),
            519: (0, 0, 26.264957),
            520: (0, 0, 26.264957),
            521: (0, 0, 26.264957),
            522: (0, 0, 26.264957),
            523: (0, 0, 26.264957),
            524: (0, 0, 26.264957),
            525: (0, 0, 26.264957),
            526: (0, 0, 26.264957),
            527: (0, 0, 26.264957),
            528: (0, 0, 26.264957),
            529: (0, 0, 26.264957),
            530: (0, 0, 26.264957),
            531: (0, 0, 26.264957),
            532: (0, 0, 26.264957),
            533: (0, 0, 26.264957),
            534: (0, 0, 26.264957),
            535: (0, 0, 26.264957),
            536: (0, 0, 26.264957),
            537: (0, 0, 26.264957),
            538: (0, 0, 26.264957),
            539: (0, 0, 26.264957),
            540: (0, 0, 26.264957),
            541: (0, 0, 26.264957),
            542: (0, 0, 26.264957),
            543: (0, 0, 26.264957),
            544: (0, 0, 26.264957),
            545: (0, 0, 26.264957),
            546: (0, 0, 26.264957),
            547: (0, 0, 26.264957),
            548: (0, 0, 26.264957),
            549: (0, 0, 26.264957),
            550: (0, 0, 26.264957),
            551: (0, 0, 26.264957),
            552: (0, 0, 26.264957),
            553: (0, 0, 26.264957),
            554: (0, 0, 26.264957),
            555: (0, 0, 26.264957),
            556: (0, 0, 26.264957),
            557: (0, 0, 26.264957),
            558: (0, 0, 26.264957),
            559: (0, 0, 26.264957),
            560: (0, 0, 26.264957),
            561: (0, 0, 26.264957),
            562: (0, 0, 26.264957),
            563: (0, 0, 26.264957),
            564: (0, 0, 26.264957),
            565: (0, 0, 26.264957),
            566: (0, 0, 26.264957),
            567: (0, 0, 26.264957),
            568: (0, 0, 26.264957),
            569: (0, 0, 26.264957),
            570: (0, 0, 26.264957),
            571: (0, 0, 26.264957),
            572: (0, 0, 26.264957),
            573: (0, 0, 26.264957),
            574: (0, 0, 26.264957),
            575: (0, 0, 26.264957),
            576: (0, 0, 26.264957),
            577: (0, 0, 26.264957),
            578: (0, 0, 26.264957),
            579: (0, 0, 26.264957),
            580: (0, 0, 26.264957),
            581: (0, 0, 26.264957),
            582: (0, 0, 26.264957),
            583: (0, 0, 26.264957),
            584: (0, 0, 26.264957),
            585: (0, 0, 26.264957),
            586: (0, 0, 26.264957),
            587: (0, 0, 26.264957),
            588: (0, 0, 26.264957),
            589: (0, 0, 26.264957),
            590: (0, 0, 26.264957),
            591: (0, 0, 26.264957),
            592: (0, 0, 26.264957),
            593: (0, 0, 26.264957),
            594: (0, 0, 26.264957),
            595: (0, 0, 26.264957),
            596: (0, 0, 26.264957),
            597: (0, 0, 26.264957),
            598: (0, 0, 26.264957),
            599: (0, 0, 26.264957),
            600: (0, 0, 26.264957),
            601: (0, 0, 26.264957),
            602: (0, 0, 26.264957),
            603: (0, 0, 26.264957),
            604: (0, 0, 26.264957),
            605: (0, 0, 26.264957),
            606: (0, 0, 26.264957),
            607: (0, 0, 26.264957),
            608: (0, 0, 26.264957),
            609: (0, 0, 26.264957),
            610: (0, 0, 26.264957),
            611: (0, 0, 26.264957),
            612: (0, 0, 26.264957),
            613: (0, 0, 26.264957),
            614: (0, 0, 26.264957),
            615: (0, 0, 26.264957),
            616: (0, 0, 26.264957),
            617: (0, 0, 26.264957),
            618: (0, 0, 26.264957),
            619: (0, 0, 26.264957),
            620: (0, 0, 26.264957),
            621: (0, 0, 26.264957),
            622: (0, 0, 26.264957),
            623: (0, 0, 26.264957),
            624: (0, 0, 26.264957),
            625: (0, 0, 26.264957),
            626: (0, 0, 26.264957),
            627: (0, 0, 26.264957),
            628: (0, 0, 26.264957),
            629: (0, 0, 26.264957),
            630: (0, 0, 26.264957),
            631: (0, 0, 26.264957),
            632: (0, 0, 26.264957),
            633: (0, 0, 26.264957),
            634: (0, 0, 26.264957),
            635: (0, 0, 26.264957),
            636: (0, 0, 26.264957),
            637: (0, 0, 26.264957),
            638: (0, 0, 26.264957),
            639: (0, 0, 26.264957),
            640: (0, 0, 26.264957),
            641: (0, 0, 26.264957),
            642: (0, 0, 26.264957),
            643: (0, 0, 26.264957),
            644: (0, 0, 26.264957),
            645: (0, 0, 26.264957),
            646: (0, 0, 26.264957),
            647: (0, 0, 26.264957),
            648: (0, 0, 26.264957),
            649: (0, 0, 26.264957),
            650: (0, 0, 26.264957),
            651: (0, 0, 26.264957),
            652: (0, 0, 26.264957),
            653: (0, 0, 26.264957),
            654: (0, 0, 26.264957),
            655: (0, 0, 26.264957),
            656: (0, 0, 26.264957),
            657: (0, 0, 26.264957),
            658: (0, 0, 26.264957),
            659: (0, 0, 26.264957),
            660: (0, 0, 26.264957),
            661: (0, 0, 26.243315),
            662: (0, 0, 26.179354),
            663: (0, 0, 26.074537),
            664: (0, 0, 25.930323),
            665: (0, 0, 25.74817),
            666: (0, 0, 25.52954),
            667: (0, 0, 25.275888),
            668: (0, 0, 24.988676),
            669: (0, 0, 24.669363),
            670: (0, 0, 24.319407),
            671: (0, 0, 23.940266),
            672: (0, 0, 23.533403),
            673: (0, 0, 23.100273),
            674: (0, 0, 22.64234),
            675: (0, 0, 22.161058),
            676: (0, 0, 21.65789),
            677: (0, 0, 21.134293),
            678: (0, 0, 20.591728),
            679: (0, 0, 20.03165),
            680: (0, 0, 19.455524),
            681: (0, 0, 18.864807),
            682: (0, 0, 18.260956),
            683: (0, 0, 17.645432),
            684: (0, 0, 17.019693),
            685: (0, 0, 16.3852),
            686: (0, 0, 15.74341),
            687: (0, 0, 15.095785),
            688: (0, 0, 14.443782),
            689: (0, 0, 13.78886),
            690: (0, 0, 13.132479),
            691: (0, 0, 12.476098),
            692: (0, 0, 11.821177),
            693: (0, 0, 11.169173),
            694: (0, 0, 10.521547),
            695: (0, 0, 9.879759),
            696: (0, 0, 9.245265),
            697: (0, 0, 8.619527),
            698: (0, 0, 8.004003),
            699: (0, 0, 7.400152),
            700: (0, 0, 6.8094335),
            701: (0, 0, 6.233307),
            702: (0, 0, 5.673231),
            703: (0, 0, 5.130665),
            704: (0, 0, 4.607068),
            705: (0, 0, 4.1039),
            706: (0, 0, 3.6226187),
            707: (0, 0, 3.1646843),
            708: (0, 0, 2.7315557),
            709: (0, 0, 2.324692),
            710: (0, 0, 1.9455525),
            711: (0, 0, 1.5955962),
            712: (0, 0, 1.2762824),
            713: (0, 0, 0.98907024),
            714: (0, 0, 0.73541886),
            715: (0, 0, 0.51678735),
            716: (0, 0, 0.33463502),
            717: (0, 0, 0.19042094),
            718: (0, 0, 0.08560431),
            719: (0, 0, 0.021644272),
            720: (0, 0, 1.2722219e-14),
        }
        double3 xformOp:translate.timeSamples = {
            0: (-0.46878871413050255, 0, 0.14134318288933656),
            1: (-0.469291573430895, 0, 0.1413431828893366),
            2: (-0.4707775509140772, 0, 0.14134318288933656),
            3: (-0.4732127459530564, 0, 0.14134318288933656),
            4: (-0.4765632579208398, 0, 0.14134318288933656),
            5: (-0.4807951861904348, 0, 0.14134318288933656),
            6: (-0.4858746301348485, 0, 0.14134318288933656),
            7: (-0.4917676891270881, 0, 0.14134318288933656),
            8: (-0.4984404625401611, 0, 0.14134318288933656),
            9: (-0.5058590497470745, 0, 0.14134318288933656),
            10: (-0.5139895501208357, 0, 0.14134318288933656),
            11: (-0.5227980630344519, 0, 0.14134318288933656),
            12: (-0.5322506878609303, 0, 0.14134318288933656),
            13: (-0.5423135239732781, 0, 0.14134318288933656),
            14: (-0.5529526707445028, 0, 0.14134318288933656),
            15: (-0.5641342275476116, 0, 0.14134318288933656),
            16: (-0.5758242937556114, 0, 0.14134318288933656),
            17: (-0.5879889687415099, 0, 0.14134318288933656),
            18: (-0.600594351878314, 0, 0.14134318288933656),
            19: (-0.6136065425390311, 0, 0.14134318288933656),
            20: (-0.6269916400966685, 0, 0.14134318288933656),
            21: (-0.6407157439242335, 0, 0.14134318288933656),
            22: (-0.654744953394733, 0, 0.14134318288933656),
            23: (-0.6690453678811747, 0, 0.14134318288933656),
            24: (-0.6835830867565658, 0, 0.14134318288933656),
            25: (-0.698324209393913, 0, 0.14134318288933656),
            26: (-0.7132348351662241, 0, 0.14134318288933656),
            27: (-0.7282810634465063, 0, 0.14134318288933656),
            28: (-0.7434289936077667, 0, 0.14134318288933656),
            29: (-0.7586447250230126, 0, 0.14134318288933656),
            30: (-0.7738943570652512, 0, 0.14134318288933656),
            31: (-0.78914398910749, 0, 0.14134318288933656),
            32: (-0.8043597205227357, 0, 0.14134318288933656),
            33: (-0.8195076506839962, 0, 0.14134318288933656),
            34: (-0.8345538789642784, 0, 0.14134318288933656),
            35: (-0.8494645047365895, 0, 0.14134318288933656),
            36: (-0.8642056273739369, 0, 0.14134318288933656),
            37: (-0.8787433462493278, 0, 0.14134318288933656),
            38: (-0.8930437607357694, 0, 0.14134318288933656),
            39: (-0.907072970206269, 0, 0.14134318288933656),
            40: (-0.920797074033834, 0, 0.14134318288933656),
            41: (-0.9341821715914714, 0, 0.14134318288933656),
            42: (-0.9471943622521886, 0, 0.14134318288933656),
            43: (-0.9597997453889926, 0, 0.14134318288933656),
            44: (-0.9719644203748911, 0, 0.14134318288933656),
            45: (-0.983654486582891, 0, 0.14134318288933656),
            46: (-0.9948360433859997, 0, 0.14134318288933656),
            47: (-1.0054751901572243, 0, 0.14134318288933656),
            48: (-1.0155380262695723, 0, 0.14134318288933656),
            49: (-1.0249906510960507, 0, 0.14134318288933656),
            50: (-1.0337991640096669, 0, 0.14134318288933656),
            51: (-1.041929664383428, 0, 0.14134318288933656),
            52: (-1.0493482515903416, 0, 0.14134318288933656),
            53: (-1.0560210250034143, 0, 0.14134318288933656),
            54: (-1.061914083995654, 0, 0.14134318288933656),
            55: (-1.0669935279400677, 0, 0.14134318288933656),
            56: (-1.0712254562096628, 0, 0.14134318288933656),
            57: (-1.0745759681774463, 0, 0.14134318288933656),
            58: (-1.0770111632164252, 0, 0.14134318288933656),
            59: (-1.0784971406996073, 0, 0.14134318288933656),
            60: (-1.079, 0, 0.14134318288933656),
            61: (-1.0780926944444444, 0, 0.1413431828893366),
            62: (-1.0754115555555555, 0, 0.14134318288933656),
            63: (-1.07101775, 0, 0.14134318288933656),
            64: (-1.0649724444444446, 0, 0.14134318288933656),
            65: (-1.0573368055555554, 0, 0.14134318288933656),
            66: (-1.0481719999999999, 0, 0.14134318288933656),
            67: (-1.0375391944444445, 0, 0.14134318288933656),
            68: (-1.0254995555555555, 0, 0.14134318288933656),
            69: (-1.01211425, 0, 0.14134318288933656),
            70: (-0.9974444444444444, 0, 0.14134318288933656),
            71: (-0.9815513055555556, 0, 0.14134318288933656),
            72: (-0.964496, 0, 0.14134318288933656),
            73: (-0.9463396944444444, 0, 0.14134318288933656),
            74: (-0.9271435555555556, 0, 0.14134318288933656),
            75: (-0.90696875, 0, 0.14134318288933656),
            76: (-0.8858764444444444, 0, 0.14134318288933656),
            77: (-0.8639278055555555, 0, 0.14134318288933656),
            78: (-0.841184, 0, 0.14134318288933656),
            79: (-0.8177061944444445, 0, 0.14134318288933656),
            80: (-0.7935555555555556, 0, 0.14134318288933656),
            81: (-0.76879325, 0, 0.14134318288933656),
            82: (-0.7434804444444444, 0, 0.14134318288933656),
            83: (-0.7176783055555553, 0, 0.14134318288933656),
            84: (-0.691448, 0, 0.14134318288933656),
            85: (-0.6648506944444443, 0, 0.14134318288933656),
            86: (-0.6379475555555555, 0, 0.14134318288933656),
            87: (-0.6107997499999999, 0, 0.14134318288933656),
            88: (-0.5834684444444445, 0, 0.14134318288933656),
            89: (-0.5560148055555556, 0, 0.14134318288933656),
            90: (-0.5285, 0, 0.14134318288933656),
            91: (-0.5009851944444443, 0, 0.14134318288933656),
            92: (-0.47353155555555554, 0, 0.14134318288933656),
            93: (-0.44620024999999985, 0, 0.14134318288933656),
            94: (-0.41905244444444445, 0, 0.14134318288933656),
            95: (-0.3921493055555555, 0, 0.14134318288933656),
            96: (-0.365552, 0, 0.14134318288933656),
            97: (-0.33932169444444427, 0, 0.14134318288933656),
            98: (-0.31351955555555555, 0, 0.14134318288933656),
            99: (-0.2882067499999999, 0, 0.14134318288933656),
            100: (-0.2634444444444445, 0, 0.14134318288933656),
            101: (-0.23929380555555554, 0, 0.14134318288933656),
            102: (-0.2158160000000001, 0, 0.14134318288933656),
            103: (-0.1930721944444444, 0, 0.14134318288933656),
            104: (-0.1711235555555556, 0, 0.14134318288933656),
            105: (-0.15003124999999998, 0, 0.14134318288933656),
            106: (-0.12985644444444439, 0, 0.14134318288933656),
            107: (-0.11066030555555555, 0, 0.14134318288933656),
            108: (-0.09250399999999986, 0, 0.14134318288933656),
            109: (-0.07544869444444442, 0, 0.14134318288933656),
            110: (-0.05955555555555543, 0, 0.14134318288933656),
            111: (-0.044885750000000085, 0, 0.14134318288933656),
            112: (-0.031500444444444366, 0, 0.14134318288933656),
            113: (-0.019460805555555565, 0, 0.14134318288933656),
            114: (-0.00882800000000003, 0, 0.14134318288933656),
            115: (0.00033680555555554853, 0, 0.14134318288933656),
            116: (0.007972444444444468, 0, 0.14134318288933656),
            117: (0.014017750000000022, 0, 0.14134318288933656),
            118: (0.018411555555555514, 0, 0.14134318288933656),
            119: (0.02109269444444449, 0, 0.14134318288933656),
            120: (0.022, 0, 0.14134318288933656),
            121: (0.022, 0, 0.1413431828893366),
            122: (0.021999999999999995, 0, 0.14134318288933656),
            123: (0.022, 0, 0.14134318288933656),
            124: (0.022, 0, 0.14134318288933656),
            125: (0.022, 0, 0.14134318288933656),
            126: (0.021999999999999995, 0, 0.14134318288933656),
            127: (0.022, 0, 0.14134318288933656),
            128: (0.022, 0, 0.14134318288933656),
            129: (0.022, 0, 0.14134318288933656),
            130: (0.022, 0, 0.14134318288933656),
            131: (0.022, 0, 0.14134318288933656),
            132: (0.022000000000000002, 0, 0.14134318288933656),
            133: (0.022, 0, 0.14134318288933656),
            134: (0.022000000000000002, 0, 0.14134318288933656),
            135: (0.022, 0, 0.14134318288933656),
            136: (0.022, 0, 0.14134318288933656),
            137: (0.022, 0, 0.14134318288933656),
            138: (0.022, 0, 0.14134318288933656),
            139: (0.022, 0, 0.14134318288933656),
            140: (0.022, 0, 0.14134318288933656),
            141: (0.022, 0, 0.14134318288933656),
            142: (0.022, 0, 0.14134318288933656),
            143: (0.022, 0, 0.14134318288933656),
            144: (0.022, 0, 0.14134318288933656),
            145: (0.022, 0, 0.14134318288933656),
            146: (0.022, 0, 0.14134318288933656),
            147: (0.022, 0, 0.14134318288933656),
            148: (0.022, 0, 0.14134318288933656),
            149: (0.022, 0, 0.14134318288933656),
            150: (0.022, 0, 0.14134318288933656),
            151: (0.022, 0, 0.14134318288933656),
            152: (0.022, 0, 0.14134318288933656),
            153: (0.022, 0, 0.14134318288933656),
            154: (0.022, 0, 0.14134318288933656),
            155: (0.022, 0, 0.14134318288933656),
            156: (0.022, 0, 0.14134318288933656),
            157: (0.022, 0, 0.14134318288933656),
            158: (0.022, 0, 0.14134318288933656),
            159: (0.022, 0, 0.14134318288933656),
            160: (0.022, 0, 0.14134318288933656),
            161: (0.022, 0, 0.14134318288933656),
            162: (0.022, 0, 0.14134318288933656),
            163: (0.022, 0, 0.14134318288933656),
            164: (0.022, 0, 0.14134318288933656),
            165: (0.022, 0, 0.14134318288933656),
            166: (0.022, 0, 0.14134318288933656),
            167: (0.022, 0, 0.14134318288933656),
            168: (0.022, 0, 0.14134318288933656),
            169: (0.022, 0, 0.14134318288933656),
            170: (0.022, 0, 0.14134318288933656),
            171: (0.022, 0, 0.14134318288933656),
            172: (0.022, 0, 0.14134318288933656),
            173: (0.022, 0, 0.14134318288933656),
            174: (0.022, 0, 0.14134318288933656),
            175: (0.022, 0, 0.14134318288933656),
            176: (0.022, 0, 0.14134318288933656),
            177: (0.022, 0, 0.14134318288933656),
            178: (0.022, 0, 0.14134318288933656),
            179: (0.022, 0, 0.14134318288933656),
            180: (0.022, 0, 0.14134318288933656),
            181: (0.022, 0, 0.1413431828893366),
            182: (0.021999999999999995, 0, 0.14134318288933656),
            183: (0.022, 0, 0.14134318288933656),
            184: (0.022, 0, 0.14134318288933656),
            185: (0.022, 0, 0.14134318288933656),
            186: (0.021999999999999995, 0, 0.14134318288933656),
            187: (0.022, 0, 0.14134318288933656),
            188: (0.022, 0, 0.14134318288933656),
            189: (0.022, 0, 0.14134318288933656),
            190: (0.022, 0, 0.14134318288933656),
            191: (0.022, 0, 0.14134318288933656),
            192: (0.022000000000000002, 0, 0.14134318288933656),
            193: (0.022, 0, 0.14134318288933656),
            194: (0.022000000000000002, 0, 0.14134318288933656),
            195: (0.022, 0, 0.14134318288933656),
            196: (0.022, 0, 0.14134318288933656),
            197: (0.022, 0, 0.14134318288933656),
            198: (0.022, 0, 0.14134318288933656),
            199: (0.022, 0, 0.14134318288933656),
            200: (0.022, 0, 0.14134318288933656),
            201: (0.022, 0, 0.14134318288933656),
            202: (0.022, 0, 0.14134318288933656),
            203: (0.022, 0, 0.14134318288933656),
            204: (0.022, 0, 0.14134318288933656),
            205: (0.022, 0, 0.14134318288933656),
            206: (0.022, 0, 0.14134318288933656),
            207: (0.022, 0, 0.14134318288933656),
            208: (0.022, 0, 0.14134318288933656),
            209: (0.022, 0, 0.14134318288933656),
            210: (0.022, 0, 0.14134318288933656),
            211: (0.022, 0, 0.14134318288933656),
            212: (0.022, 0, 0.14134318288933656),
            213: (0.022, 0, 0.14134318288933656),
            214: (0.022, 0, 0.14134318288933656),
            215: (0.022, 0, 0.14134318288933656),
            216: (0.022, 0, 0.14134318288933656),
            217: (0.022, 0, 0.14134318288933656),
            218: (0.022, 0, 0.14134318288933656),
            219: (0.022, 0, 0.14134318288933656),
            220: (0.022, 0, 0.14134318288933656),
            221: (0.022, 0, 0.14134318288933656),
            222: (0.022, 0, 0.14134318288933656),
            223: (0.022, 0, 0.14134318288933656),
            224: (0.022, 0, 0.14134318288933656),
            225: (0.022, 0, 0.14134318288933656),
            226: (0.022, 0, 0.14134318288933656),
            227: (0.022, 0, 0.14134318288933656),
            228: (0.022, 0, 0.14134318288933656),
            229: (0.022, 0, 0.14134318288933656),
            230: (0.022, 0, 0.14134318288933656),
            231: (0.022, 0, 0.14134318288933656),
            232: (0.022, 0, 0.14134318288933656),
            233: (0.022, 0, 0.14134318288933656),
            234: (0.022, 0, 0.14134318288933656),
            235: (0.022, 0, 0.14134318288933656),
            236: (0.022, 0, 0.14134318288933656),
            237: (0.022, 0, 0.14134318288933656),
            238: (0.022, 0, 0.14134318288933656),
            239: (0.022, 0, 0.14134318288933656),
            240: (0.022, 0, 0.14134318288933656),
            241: (0.022, -0.00003213888888888889, 0.1413431828893366),
            242: (0.021999999999999995, -0.0001271111111111111, 0.14134318288933656),
            243: (0.022, -0.00028275000000000007, 0.14134318288933656),
            244: (0.022, -0.0004968888888888889, 0.14134318288933656),
            245: (0.022, -0.0007673611111111111, 0.14134318288933656),
            246: (0.021999999999999995, -0.001092, 0.14134318288933656),
            247: (0.022, -0.001468638888888889, 0.14134318288933656),
            248: (0.022, -0.0018951111111111113, 0.14134318288933656),
            249: (0.022, -0.00236925, 0.14134318288933656),
            250: (0.022, -0.0028888888888888888, 0.14134318288933656),
            251: (0.022, -0.0034518611111111104, 0.14134318288933656),
            252: (0.022000000000000002, -0.004056000000000001, 0.14134318288933656),
            253: (0.022, -0.004699138888888889, 0.14134318288933656),
            254: (0.022000000000000002, -0.005379111111111111, 0.14134318288933656),
            255: (0.022, -0.00609375, 0.14134318288933656),
            256: (0.022, -0.006840888888888889, 0.14134318288933656),
            257: (0.022, -0.007618361111111111, 0.14134318288933656),
            258: (0.022, -0.008424, 0.14134318288933656),
            259: (0.022, -0.009255638888888888, 0.14134318288933656),
            260: (0.022, -0.01011111111111111, 0.14134318288933656),
            261: (0.022, -0.010988249999999998, 0.14134318288933656),
            262: (0.022, -0.011884888888888888, 0.14134318288933656),
            263: (0.022, -0.012798861111111113, 0.14134318288933656),
            264: (0.022, -0.013728000000000004, 0.14134318288933656),
            265: (0.022, -0.01467013888888889, 0.14134318288933656),
            266: (0.022, -0.015623111111111112, 0.14134318288933656),
            267: (0.022, -0.016584750000000002, 0.14134318288933656),
            268: (0.022, -0.01755288888888889, 0.14134318288933656),
            269: (0.022, -0.01852536111111111, 0.14134318288933656),
            270: (0.022, -0.0195, 0.14134318288933656),
            271: (0.022, -0.020474638888888893, 0.14134318288933656),
            272: (0.022, -0.02144711111111111, 0.14134318288933656),
            273: (0.022, -0.022415250000000005, 0.14134318288933656),
            274: (0.022, -0.023376888888888888, 0.14134318288933656),
            275: (0.022, -0.024329861111111115, 0.14134318288933656),
            276: (0.022, -0.025272, 0.14134318288933656),
            277: (0.022, -0.026201138888888892, 0.14134318288933656),
            278: (0.022, -0.02711511111111111, 0.14134318288933656),
            279: (0.022, -0.028011750000000002, 0.14134318288933656),
            280: (0.022, -0.028888888888888888, 0.14134318288933656),
            281: (0.022, -0.02974436111111111, 0.14134318288933656),
            282: (0.022, -0.030575999999999996, 0.14134318288933656),
            283: (0.022, -0.03138163888888889, 0.14134318288933656),
            284: (0.022, -0.03215911111111111, 0.14134318288933656),
            285: (0.022, -0.03290625, 0.14134318288933656),
            286: (0.022, -0.03362088888888889, 0.14134318288933656),
            287: (0.022, -0.03430086111111111, 0.14134318288933656),
            288: (0.022, -0.034944, 0.14134318288933656),
            289: (0.022, -0.03554813888888889, 0.14134318288933656),
            290: (0.022, -0.036111111111111115, 0.14134318288933656),
            291: (0.022, -0.03663075, 0.14134318288933656),
            292: (0.022, -0.03710488888888889, 0.14134318288933656),
            293: (0.022, -0.03753136111111111, 0.14134318288933656),
            294: (0.022, -0.037908, 0.14134318288933656),
            295: (0.022, -0.038232638888888885, 0.14134318288933656),
            296: (0.022, -0.03850311111111111, 0.14134318288933656),
            297: (0.022, -0.03871725, 0.14134318288933656),
            298: (0.022, -0.03887288888888889, 0.14134318288933656),
            299: (0.022, -0.03896786111111111, 0.14134318288933656),
            300: (0.022, -0.039, 0.14134318288933656),
            301: (0.022, -0.039, 0.1413431828893366),
            302: (0.021999999999999995, -0.039, 0.14134318288933656),
            303: (0.022, -0.039, 0.14134318288933656),
            304: (0.022, -0.039, 0.14134318288933656),
            305: (0.022, -0.039, 0.14134318288933656),
            306: (0.021999999999999995, -0.039, 0.14134318288933656),
            307: (0.022, -0.039, 0.14134318288933656),
            308: (0.022, -0.039, 0.14134318288933656),
            309: (0.022, -0.03900000000000001, 0.14134318288933656),
            310: (0.022, -0.03900000000000001, 0.14134318288933656),
            311: (0.022, -0.03900000000000001, 0.14134318288933656),
            312: (0.022000000000000002, -0.03900000000000001, 0.14134318288933656),
            313: (0.022, -0.039, 0.14134318288933656),
            314: (0.022000000000000002, -0.039, 0.14134318288933656),
            315: (0.022, -0.039, 0.14134318288933656),
            316: (0.022, -0.039, 0.14134318288933656),
            317: (0.022, -0.039, 0.14134318288933656),
            318: (0.022, -0.039, 0.14134318288933656),
            319: (0.022, -0.039, 0.14134318288933656),
            320: (0.022, -0.039, 0.14134318288933656),
            321: (0.022, -0.039, 0.14134318288933656),
            322: (0.022, -0.039, 0.14134318288933656),
            323: (0.022, -0.039, 0.14134318288933656),
            324: (0.022, -0.039, 0.14134318288933656),
            325: (0.022, -0.039, 0.14134318288933656),
            326: (0.022, -0.039, 0.14134318288933656),
            327: (0.022, -0.03899999999999999, 0.14134318288933656),
            328: (0.022, -0.039, 0.14134318288933656),
            329: (0.022, -0.03900000000000001, 0.14134318288933656),
            330: (0.022, -0.039, 0.14134318288933656),
            331: (0.022, -0.039, 0.14134318288933656),
            332: (0.022, -0.039, 0.14134318288933656),
            333: (0.022, -0.039, 0.14134318288933656),
            334: (0.022, -0.039, 0.14134318288933656),
            335: (0.022, -0.039, 0.14134318288933656),
            336: (0.022, -0.039, 0.14134318288933656),
            337: (0.022, -0.039, 0.14134318288933656),
            338: (0.022, -0.039, 0.14134318288933656),
            339: (0.022, -0.039, 0.14134318288933656),
            340: (0.022, -0.039, 0.14134318288933656),
            341: (0.022, -0.039, 0.14134318288933656),
            342: (0.022, -0.039, 0.14134318288933656),
            343: (0.022, -0.039, 0.14134318288933656),
            344: (0.022, -0.039, 0.14134318288933656),
            345: (0.022, -0.039, 0.14134318288933656),
            346: (0.022, -0.039, 0.14134318288933656),
            347: (0.022, -0.03899999999999999, 0.14134318288933656),
            348: (0.022, -0.039, 0.14134318288933656),
            349: (0.022, -0.039, 0.14134318288933656),
            350: (0.022, -0.039, 0.14134318288933656),
            351: (0.022, -0.039, 0.14134318288933656),
            352: (0.022, -0.039, 0.14134318288933656),
            353: (0.022, -0.039, 0.14134318288933656),
            354: (0.022, -0.039, 0.14134318288933656),
            355: (0.022, -0.039, 0.14134318288933656),
            356: (0.022, -0.039, 0.14134318288933656),
            357: (0.022, -0.039, 0.14134318288933656),
            358: (0.022, -0.039, 0.14134318288933656),
            359: (0.022, -0.039, 0.14134318288933656),
            360: (0.022, -0.039, 0.14134318288933656),
            361: (0.022, -0.039, 0.1413431828893366),
            362: (0.021999999999999995, -0.039, 0.14134318288933656),
            363: (0.022, -0.039, 0.14134318288933656),
            364: (0.022, -0.039, 0.14134318288933656),
            365: (0.022, -0.039, 0.14134318288933656),
            366: (0.021999999999999995, -0.039, 0.14134318288933656),
            367: (0.022, -0.039, 0.14134318288933656),
            368: (0.022, -0.039, 0.14134318288933656),
            369: (0.022, -0.03900000000000001, 0.14134318288933656),
            370: (0.022, -0.03900000000000001, 0.14134318288933656),
            371: (0.022, -0.03900000000000001, 0.14134318288933656),
            372: (0.022000000000000002, -0.03900000000000001, 0.14134318288933656),
            373: (0.022, -0.039, 0.14134318288933656),
            374: (0.022000000000000002, -0.039, 0.14134318288933656),
            375: (0.022, -0.039, 0.14134318288933656),
            376: (0.022, -0.039, 0.14134318288933656),
            377: (0.022, -0.039, 0.14134318288933656),
            378: (0.022, -0.039, 0.14134318288933656),
            379: (0.022, -0.039, 0.14134318288933656),
            380: (0.022, -0.039, 0.14134318288933656),
            381: (0.022, -0.039, 0.14134318288933656),
            382: (0.022, -0.039, 0.14134318288933656),
            383: (0.022, -0.039, 0.14134318288933656),
            384: (0.022, -0.039, 0.14134318288933656),
            385: (0.022, -0.039, 0.14134318288933656),
            386: (0.022, -0.039, 0.14134318288933656),
            387: (0.022, -0.03899999999999999, 0.14134318288933656),
            388: (0.022, -0.039, 0.14134318288933656),
            389: (0.022, -0.03900000000000001, 0.14134318288933656),
            390: (0.022, -0.039, 0.14134318288933656),
            391: (0.022, -0.039, 0.14134318288933656),
            392: (0.022, -0.039, 0.14134318288933656),
            393: (0.022, -0.039, 0.14134318288933656),
            394: (0.022, -0.039, 0.14134318288933656),
            395: (0.022, -0.039, 0.14134318288933656),
            396: (0.022, -0.039, 0.14134318288933656),
            397: (0.022, -0.039, 0.14134318288933656),
            398: (0.022, -0.039, 0.14134318288933656),
            399: (0.022, -0.039, 0.14134318288933656),
            400: (0.022, -0.039, 0.14134318288933656),
            401: (0.022, -0.039, 0.14134318288933656),
            402: (0.022, -0.039, 0.14134318288933656),
            403: (0.022, -0.039, 0.14134318288933656),
            404: (0.022, -0.039, 0.14134318288933656),
            405: (0.022, -0.039, 0.14134318288933656),
            406: (0.022, -0.039, 0.14134318288933656),
            407: (0.022, -0.03899999999999999, 0.14134318288933656),
            408: (0.022, -0.039, 0.14134318288933656),
            409: (0.022, -0.039, 0.14134318288933656),
            410: (0.022, -0.039, 0.14134318288933656),
            411: (0.022, -0.039, 0.14134318288933656),
            412: (0.022, -0.039, 0.14134318288933656),
            413: (0.022, -0.039, 0.14134318288933656),
            414: (0.022, -0.039, 0.14134318288933656),
            415: (0.022, -0.039, 0.14134318288933656),
            416: (0.022, -0.039, 0.14134318288933656),
            417: (0.022, -0.039, 0.14134318288933656),
            418: (0.022, -0.039, 0.14134318288933656),
            419: (0.022, -0.039, 0.14134318288933656),
            420: (0.022, -0.039, 0.14134318288933656),
            421: (0.022, -0.039, 0.1413431828893366),
            422: (0.021999999999999995, -0.039, 0.14134318288933656),
            423: (0.022, -0.039, 0.14134318288933656),
            424: (0.022, -0.039, 0.14134318288933656),
            425: (0.022, -0.039, 0.14134318288933656),
            426: (0.021999999999999995, -0.039, 0.14134318288933656),
            427: (0.022, -0.039, 0.14134318288933656),
            428: (0.022, -0.039, 0.14134318288933656),
            429: (0.022, -0.03900000000000001, 0.14134318288933656),
            430: (0.022, -0.03900000000000001, 0.14134318288933656),
            431: (0.022, -0.03900000000000001, 0.14134318288933656),
            432: (0.022000000000000002, -0.03900000000000001, 0.14134318288933656),
            433: (0.022, -0.039, 0.14134318288933656),
            434: (0.022000000000000002, -0.039, 0.14134318288933656),
            435: (0.022, -0.039, 0.14134318288933656),
            436: (0.022, -0.039, 0.14134318288933656),
            437: (0.022, -0.039, 0.14134318288933656),
            438: (0.022, -0.039, 0.14134318288933656),
            439: (0.022, -0.039, 0.14134318288933656),
            440: (0.022, -0.039, 0.14134318288933656),
            441: (0.022, -0.039, 0.14134318288933656),
            442: (0.022, -0.039, 0.14134318288933656),
            443: (0.022, -0.039, 0.14134318288933656),
            444: (0.022, -0.039, 0.14134318288933656),
            445: (0.022, -0.039, 0.14134318288933656),
            446: (0.022, -0.039, 0.14134318288933656),
            447: (0.022, -0.03899999999999999, 0.14134318288933656),
            448: (0.022, -0.039, 0.14134318288933656),
            449: (0.022, -0.03900000000000001, 0.14134318288933656),
            450: (0.022, -0.039, 0.14134318288933656),
            451: (0.022, -0.039, 0.14134318288933656),
            452: (0.022, -0.039, 0.14134318288933656),
            453: (0.022, -0.039, 0.14134318288933656),
            454: (0.022, -0.039, 0.14134318288933656),
            455: (0.022, -0.039, 0.14134318288933656),
            456: (0.022, -0.039, 0.14134318288933656),
            457: (0.022, -0.039, 0.14134318288933656),
            458: (0.022, -0.039, 0.14134318288933656),
            459: (0.022, -0.039, 0.14134318288933656),
            460: (0.022, -0.039, 0.14134318288933656),
            461: (0.022, -0.039, 0.14134318288933656),
            462: (0.022, -0.039, 0.14134318288933656),
            463: (0.022, -0.039, 0.14134318288933656),
            464: (0.022, -0.039, 0.14134318288933656),
            465: (0.022, -0.039, 0.14134318288933656),
            466: (0.022, -0.039, 0.14134318288933656),
            467: (0.022, -0.03899999999999999, 0.14134318288933656),
            468: (0.022, -0.039, 0.14134318288933656),
            469: (0.022, -0.039, 0.14134318288933656),
            470: (0.022, -0.039, 0.14134318288933656),
            471: (0.022, -0.039, 0.14134318288933656),
            472: (0.022, -0.039, 0.14134318288933656),
            473: (0.022, -0.039, 0.14134318288933656),
            474: (0.022, -0.039, 0.14134318288933656),
            475: (0.022, -0.039, 0.14134318288933656),
            476: (0.022, -0.039, 0.14134318288933656),
            477: (0.022, -0.039, 0.14134318288933656),
            478: (0.022, -0.039, 0.14134318288933656),
            479: (0.022, -0.039, 0.14134318288933656),
            480: (0.022, -0.039, 0.14134318288933656),
            481: (0.022, -0.039, 0.1413431828893366),
            482: (0.021999999999999995, -0.039, 0.14134318288933656),
            483: (0.022, -0.039, 0.14134318288933656),
            484: (0.022, -0.039, 0.14134318288933656),
            485: (0.022, -0.039, 0.14134318288933656),
            486: (0.021999999999999995, -0.039, 0.14134318288933656),
            487: (0.022, -0.039, 0.14134318288933656),
            488: (0.022, -0.039, 0.14134318288933656),
            489: (0.022, -0.03900000000000001, 0.14134318288933656),
            490: (0.022, -0.03900000000000001, 0.14134318288933656),
            491: (0.022, -0.03900000000000001, 0.14134318288933656),
            492: (0.022000000000000002, -0.03900000000000001, 0.14134318288933656),
            493: (0.022, -0.039, 0.14134318288933656),
            494: (0.022000000000000002, -0.039, 0.14134318288933656),
            495: (0.022, -0.039, 0.14134318288933656),
            496: (0.022, -0.039, 0.14134318288933656),
            497: (0.022, -0.039, 0.14134318288933656),
            498: (0.022, -0.039, 0.14134318288933656),
            499: (0.022, -0.039, 0.14134318288933656),
            500: (0.022, -0.039, 0.14134318288933656),
            501: (0.022, -0.039, 0.14134318288933656),
            502: (0.022, -0.039, 0.14134318288933656),
            503: (0.022, -0.039, 0.14134318288933656),
            504: (0.022, -0.039, 0.14134318288933656),
            505: (0.022, -0.039, 0.14134318288933656),
            506: (0.022, -0.039, 0.14134318288933656),
            507: (0.022, -0.03899999999999999, 0.14134318288933656),
            508: (0.022, -0.039, 0.14134318288933656),
            509: (0.022, -0.03900000000000001, 0.14134318288933656),
            510: (0.022, -0.039, 0.14134318288933656),
            511: (0.022, -0.039, 0.14134318288933656),
            512: (0.022, -0.039, 0.14134318288933656),
            513: (0.022, -0.039, 0.14134318288933656),
            514: (0.022, -0.039, 0.14134318288933656),
            515: (0.022, -0.039, 0.14134318288933656),
            516: (0.022, -0.039, 0.14134318288933656),
            517: (0.022, -0.039, 0.14134318288933656),
            518: (0.022, -0.039, 0.14134318288933656),
            519: (0.022, -0.039, 0.14134318288933656),
            520: (0.022, -0.039, 0.14134318288933656),
            521: (0.022, -0.039, 0.14134318288933656),
            522: (0.022, -0.039, 0.14134318288933656),
            523: (0.022, -0.039, 0.14134318288933656),
            524: (0.022, -0.039, 0.14134318288933656),
            525: (0.022, -0.039, 0.14134318288933656),
            526: (0.022, -0.039, 0.14134318288933656),
            527: (0.022, -0.03899999999999999, 0.14134318288933656),
            528: (0.022, -0.039, 0.14134318288933656),
            529: (0.022, -0.039, 0.14134318288933656),
            530: (0.022, -0.039, 0.14134318288933656),
            531: (0.022, -0.039, 0.14134318288933656),
            532: (0.022, -0.039, 0.14134318288933656),
            533: (0.022, -0.039, 0.14134318288933656),
            534: (0.022, -0.039, 0.14134318288933656),
            535: (0.022, -0.039, 0.14134318288933656),
            536: (0.022, -0.039, 0.14134318288933656),
            537: (0.022, -0.039, 0.14134318288933656),
            538: (0.022, -0.039, 0.14134318288933656),
            539: (0.022, -0.039, 0.14134318288933656),
            540: (0.022, -0.039, 0.14134318288933656),
            541: (0.022, -0.039, 0.1413431828893366),
            542: (0.021999999999999995, -0.039, 0.14134318288933656),
            543: (0.022, -0.039, 0.14134318288933656),
            544: (0.022, -0.039, 0.14134318288933656),
            545: (0.022, -0.039, 0.14134318288933656),
            546: (0.021999999999999995, -0.039, 0.14134318288933656),
            547: (0.022, -0.039, 0.14134318288933656),
            548: (0.022, -0.039, 0.14134318288933656),
            549: (0.022, -0.03900000000000001, 0.14134318288933656),
            550: (0.022, -0.03900000000000001, 0.14134318288933656),
            551: (0.022, -0.03900000000000001, 0.14134318288933656),
            552: (0.022000000000000002, -0.03900000000000001, 0.14134318288933656),
            553: (0.022, -0.039, 0.14134318288933656),
            554: (0.022000000000000002, -0.039, 0.14134318288933656),
            555: (0.022, -0.039, 0.14134318288933656),
            556: (0.022, -0.039, 0.14134318288933656),
            557: (0.022, -0.039, 0.14134318288933656),
            558: (0.022, -0.039, 0.14134318288933656),
            559: (0.022, -0.039, 0.14134318288933656),
            560: (0.022, -0.039, 0.14134318288933656),
            561: (0.022, -0.039, 0.14134318288933656),
            562: (0.022, -0.039, 0.14134318288933656),
            563: (0.022, -0.039, 0.14134318288933656),
            564: (0.022, -0.039, 0.14134318288933656),
            565: (0.022, -0.039, 0.14134318288933656),
            566: (0.022, -0.039, 0.14134318288933656),
            567: (0.022, -0.03899999999999999, 0.14134318288933656),
            568: (0.022, -0.039, 0.14134318288933656),
            569: (0.022, -0.03900000000000001, 0.14134318288933656),
            570: (0.022, -0.039, 0.14134318288933656),
            571: (0.022, -0.039, 0.14134318288933656),
            572: (0.022, -0.039, 0.14134318288933656),
            573: (0.022, -0.039, 0.14134318288933656),
            574: (0.022, -0.039, 0.14134318288933656),
            575: (0.022, -0.039, 0.14134318288933656),
            576: (0.022, -0.039, 0.14134318288933656),
            577: (0.022, -0.039, 0.14134318288933656),
            578: (0.022, -0.039, 0.14134318288933656),
            579: (0.022, -0.039, 0.14134318288933656),
            580: (0.022, -0.039, 0.14134318288933656),
            581: (0.022, -0.039, 0.14134318288933656),
            582: (0.022, -0.039, 0.14134318288933656),
            583: (0.022, -0.039, 0.14134318288933656),
            584: (0.022, -0.039, 0.14134318288933656),
            585: (0.022, -0.039, 0.14134318288933656),
            586: (0.022, -0.039, 0.14134318288933656),
            587: (0.022, -0.03899999999999999, 0.14134318288933656),
            588: (0.022, -0.039, 0.14134318288933656),
            589: (0.022, -0.039, 0.14134318288933656),
            590: (0.022, -0.039, 0.14134318288933656),
            591: (0.022, -0.039, 0.14134318288933656),
            592: (0.022, -0.039, 0.14134318288933656),
            593: (0.022, -0.039, 0.14134318288933656),
            594: (0.022, -0.039, 0.14134318288933656),
            595: (0.022, -0.039, 0.14134318288933656),
            596: (0.022, -0.039, 0.14134318288933656),
            597: (0.022, -0.039, 0.14134318288933656),
            598: (0.022, -0.039, 0.14134318288933656),
            599: (0.022, -0.039, 0.14134318288933656),
            600: (0.022, -0.039, 0.14134318288933656),
            601: (0.022, -0.039, 0.1413431828893366),
            602: (0.021999999999999995, -0.039, 0.14134318288933656),
            603: (0.022, -0.039, 0.14134318288933656),
            604: (0.022, -0.039, 0.14134318288933656),
            605: (0.022, -0.039, 0.14134318288933656),
            606: (0.021999999999999995, -0.039, 0.14134318288933656),
            607: (0.022, -0.039, 0.14134318288933656),
            608: (0.022, -0.039, 0.14134318288933656),
            609: (0.022, -0.03900000000000001, 0.14134318288933656),
            610: (0.022, -0.03900000000000001, 0.14134318288933656),
            611: (0.022, -0.03900000000000001, 0.14134318288933656),
            612: (0.022000000000000002, -0.03900000000000001, 0.14134318288933656),
            613: (0.022, -0.039, 0.14134318288933656),
            614: (0.022000000000000002, -0.039, 0.14134318288933656),
            615: (0.022, -0.039, 0.14134318288933656),
            616: (0.022, -0.039, 0.14134318288933656),
            617: (0.022, -0.039, 0.14134318288933656),
            618: (0.022, -0.039, 0.14134318288933656),
            619: (0.022, -0.039, 0.14134318288933656),
            620: (0.022, -0.039, 0.14134318288933656),
            621: (0.022, -0.039, 0.14134318288933656),
            622: (0.022, -0.039, 0.14134318288933656),
            623: (0.022, -0.039, 0.14134318288933656),
            624: (0.022, -0.039, 0.14134318288933656),
            625: (0.022, -0.039, 0.14134318288933656),
            626: (0.022, -0.039, 0.14134318288933656),
            627: (0.022, -0.03899999999999999, 0.14134318288933656),
            628: (0.022, -0.039, 0.14134318288933656),
            629: (0.022, -0.03900000000000001, 0.14134318288933656),
            630: (0.022, -0.039, 0.14134318288933656),
            631: (0.022, -0.039, 0.14134318288933656),
            632: (0.022, -0.039, 0.14134318288933656),
            633: (0.022, -0.039, 0.14134318288933656),
            634: (0.022, -0.039, 0.14134318288933656),
            635: (0.022, -0.039, 0.14134318288933656),
            636: (0.022, -0.039, 0.14134318288933656),
            637: (0.022, -0.039, 0.14134318288933656),
            638: (0.022, -0.039, 0.14134318288933656),
            639: (0.022, -0.039, 0.14134318288933656),
            640: (0.022, -0.039, 0.14134318288933656),
            641: (0.022, -0.039, 0.14134318288933656),
            642: (0.022, -0.039, 0.14134318288933656),
            643: (0.022, -0.039, 0.14134318288933656),
            644: (0.022, -0.039, 0.14134318288933656),
            645: (0.022, -0.039, 0.14134318288933656),
            646: (0.022, -0.039, 0.14134318288933656),
            647: (0.022, -0.03899999999999999, 0.14134318288933656),
            648: (0.022, -0.039, 0.14134318288933656),
            649: (0.022, -0.039, 0.14134318288933656),
            650: (0.022, -0.039, 0.14134318288933656),
            651: (0.022, -0.039, 0.14134318288933656),
            652: (0.022, -0.039, 0.14134318288933656),
            653: (0.022, -0.039, 0.14134318288933656),
            654: (0.022, -0.039, 0.14134318288933656),
            655: (0.022, -0.039, 0.14134318288933656),
            656: (0.022, -0.039, 0.14134318288933656),
            657: (0.022, -0.039, 0.14134318288933656),
            658: (0.022, -0.039, 0.14134318288933656),
            659: (0.022, -0.039, 0.14134318288933656),
            660: (0.022, -0.039, 0.14134318288933656),
            661: (0.022, -0.03896786111111111, 0.1413431828893366),
            662: (0.021999999999999995, -0.03887288888888889, 0.14134318288933656),
            663: (0.022, -0.03871725, 0.14134318288933656),
            664: (0.022, -0.03850311111111111, 0.14134318288933656),
            665: (0.022, -0.038232638888888885, 0.14134318288933656),
            666: (0.021999999999999995, -0.037908, 0.14134318288933656),
            667: (0.022, -0.03753136111111111, 0.14134318288933656),
            668: (0.022, -0.03710488888888889, 0.14134318288933656),
            669: (0.022, -0.036630750000000004, 0.14134318288933656),
            670: (0.022, -0.036111111111111115, 0.14134318288933656),
            671: (0.022, -0.03554813888888889, 0.14134318288933656),
            672: (0.022000000000000002, -0.034944, 0.14134318288933656),
            673: (0.022, -0.03430086111111111, 0.14134318288933656),
            674: (0.022000000000000002, -0.03362088888888889, 0.14134318288933656),
            675: (0.022, -0.03290625, 0.14134318288933656),
            676: (0.022, -0.03215911111111111, 0.14134318288933656),
            677: (0.022, -0.03138163888888889, 0.14134318288933656),
            678: (0.022, -0.030576000000000002, 0.14134318288933656),
            679: (0.022, -0.02974436111111111, 0.14134318288933656),
            680: (0.022, -0.028888888888888888, 0.14134318288933656),
            681: (0.022, -0.028011750000000002, 0.14134318288933656),
            682: (0.022, -0.02711511111111111, 0.14134318288933656),
            683: (0.022, -0.026201138888888885, 0.14134318288933656),
            684: (0.022, -0.025271999999999996, 0.14134318288933656),
            685: (0.022, -0.02432986111111111, 0.14134318288933656),
            686: (0.022, -0.023376888888888888, 0.14134318288933656),
            687: (0.022, -0.022415249999999994, 0.14134318288933656),
            688: (0.022, -0.02144711111111111, 0.14134318288933656),
            689: (0.022, -0.020474638888888893, 0.14134318288933656),
            690: (0.022, -0.0195, 0.14134318288933656),
            691: (0.022, -0.018525361111111107, 0.14134318288933656),
            692: (0.022, -0.01755288888888889, 0.14134318288933656),
            693: (0.022, -0.016584749999999995, 0.14134318288933656),
            694: (0.022, -0.015623111111111112, 0.14134318288933656),
            695: (0.022, -0.014670138888888885, 0.14134318288933656),
            696: (0.022, -0.013727999999999999, 0.14134318288933656),
            697: (0.022, -0.012798861111111106, 0.14134318288933656),
            698: (0.022, -0.01188488888888889, 0.14134318288933656),
            699: (0.022, -0.010988249999999998, 0.14134318288933656),
            700: (0.022, -0.010111111111111112, 0.14134318288933656),
            701: (0.022, -0.00925563888888889, 0.14134318288933656),
            702: (0.022, -0.008424000000000003, 0.14134318288933656),
            703: (0.022, -0.0076183611111111105, 0.14134318288933656),
            704: (0.022, -0.006840888888888891, 0.14134318288933656),
            705: (0.022, -0.00609375, 0.14134318288933656),
            706: (0.022, -0.00537911111111111, 0.14134318288933656),
            707: (0.022, -0.004699138888888888, 0.14134318288933656),
            708: (0.022, -0.0040559999999999945, 0.14134318288933656),
            709: (0.022, -0.00345186111111111, 0.14134318288933656),
            710: (0.022, -0.0028888888888888844, 0.14134318288933656),
            711: (0.022, -0.0023692500000000033, 0.14134318288933656),
            712: (0.022, -0.0018951111111111083, 0.14134318288933656),
            713: (0.022, -0.0014686388888888893, 0.14134318288933656),
            714: (0.022, -0.001092000000000001, 0.14134318288933656),
            715: (0.022, -0.0007673611111111112, 0.14134318288933656),
            716: (0.022, -0.0004968888888888881, 0.14134318288933656),
            717: (0.022, -0.00028274999999999915, 0.14134318288933656),
            718: (0.022, -0.0001271111111111125, 0.14134318288933656),
            719: (0.022, -0.000032138888888887277, 0.14134318288933656),
            720: (0.022, 0, 0.14134318288933656),
        }
        uniform token[] xformOpOrder = ["xformOp:translate", "xformOp:rotateXYZ"]

        over "ffw_sg2_follower"
        {
            over "joints"
            {
                over "arm_l_joint1"
                {
                    float drive:angular:physics:targetPosition.timeSamples = {
                        0: 0,
                        1: 0,
                        2: 0,
                        3: 0,
                        4: 0,
                        5: 0,
                        6: 0,
                        7: 0,
                        8: 0,
                        9: 0,
                        10: 0,
                        11: 0,
                        12: 0,
                        13: 0,
                        14: 0,
                        15: 0,
                        16: 0,
                        17: 0,
                        18: 0,
                        19: 0,
                        20: 0,
                        21: 0,
                        22: 0,
                        23: 0,
                        24: 0,
                        25: 0,
                        26: 0,
                        27: 0,
                        28: 0,
                        29: 0,
                        30: 0,
                        31: 0,
                        32: 0,
                        33: 0,
                        34: 0,
                        35: 0,
                        36: 0,
                        37: 0,
                        38: 0,
                        39: 0,
                        40: 0,
                        41: 0,
                        42: 0,
                        43: 0,
                        44: 0,
                        45: 0,
                        46: 0,
                        47: 0,
                        48: 0,
                        49: 0,
                        50: 0,
                        51: 0,
                        52: 0,
                        53: 0,
                        54: 0,
                        55: 0,
                        56: 0,
                        57: 0,
                        58: 0,
                        59: 0,
                        60: 0,
                        61: 0,
                        62: 0,
                        63: 0,
                        64: 0,
                        65: 0,
                        66: 0,
                        67: 0,
                        68: 0,
                        69: 0,
                        70: 0,
                        71: 0,
                        72: 0,
                        73: 0,
                        74: 0,
                        75: 0,
                        76: 0,
                        77: 0,
                        78: 0,
                        79: 0,
                        80: 0,
                        81: 0,
                        82: 0,
                        83: 0,
                        84: 0,
                        85: 0,
                        86: 0,
                        87: 0,
                        88: 0,
                        89: 0,
                        90: 0,
                        91: 0,
                        92: 0,
                        93: 0,
                        94: 0,
                        95: 0,
                        96: 0,
                        97: 0,
                        98: 0,
                        99: 0,
                        100: 0,
                        101: 0,
                        102: 0,
                        103: 0,
                        104: 0,
                        105: 0,
                        106: 0,
                        107: 0,
                        108: 0,
                        109: 0,
                        110: 0,
                        111: 0,
                        112: 0,
                        113: 0,
                        114: 0,
                        115: 0,
                        116: 0,
                        117: 0,
                        118: 0,
                        119: 0,
                        120: 0,
                        121: 0,
                        122: 0,
                        123: 0,
                        124: 0,
                        125: 0,
                        126: 0,
                        127: 0,
                        128: 0,
                        129: 0,
                        130: 0,
                        131: 0,
                        132: 0,
                        133: 0,
                        134: 0,
                        135: 0,
                        136: 0,
                        137: 0,
                        138: 0,
                        139: 0,
                        140: 0,
                        141: 0,
                        142: 0,
                        143: 0,
                        144: 0,
                        145: 0,
                        146: 0,
                        147: 0,
                        148: 0,
                        149: 0,
                        150: 0,
                        151: 0,
                        152: 0,
                        153: 0,
                        154: 0,
                        155: 0,
                        156: 0,
                        157: 0,
                        158: 0,
                        159: 0,
                        160: 0,
                        161: 0,
                        162: 0,
                        163: 0,
                        164: 0,
                        165: 0,
                        166: 0,
                        167: 0,
                        168: 0,
                        169: 0,
                        170: 0,
                        171: 0,
                        172: 0,
                        173: 0,
                        174: 0,
                        175: 0,
                        176: 0,
                        177: 0,
                        178: 0,
                        179: 0,
                        180: 0,
                        181: 0,
                        182: 0,
                        183: 0,
                        184: 0,
                        185: 0,
                        186: 0,
                        187: 0,
                        188: 0,
                        189: 0,
                        190: 0,
                        191: 0,
                        192: 0,
                        193: 0,
                        194: 0,
                        195: 0,
                        196: 0,
                        197: 0,
                        198: 0,
                        199: 0,
                        200: 0,
                        201: 0,
                        202: 0,
                        203: 0,
                        204: 0,
                        205: 0,
                        206: 0,
                        207: 0,
                        208: 0,
                        209: 0,
                        210: 0,
                        211: 0,
                        212: 0,
                        213: 0,
                        214: 0,
                        215: 0,
                        216: 0,
                        217: 0,
                        218: 0,
                        219: 0,
                        220: 0,
                        221: 0,
                        222: 0,
                        223: 0,
                        224: 0,
                        225: 0,
                        226: 0,
                        227: 0,
                        228: 0,
                        229: 0,
                        230: 0,
                        231: 0,
                        232: 0,
                        233: 0,
                        234: 0,
                        235: 0,
                        236: 0,
                        237: 0,
                        238: 0,
                        239: 0,
                        240: 0,
                        241: 0.00013037038,
                        242: 0.0005096296,
                        243: 0.00112,
                        244: 0.0019437037,
                        245: 0.002962963,
                        246: 0.00416,
                        247: 0.005517037,
                        248: 0.0070162965,
                        249: 0.00864,
                        250: 0.01037037,
                        251: 0.0121896295,
                        252: 0.01408,
                        253: 0.016023703,
                        254: 0.018002963,
                        255: 0.02,
                        256: 0.021997036,
                        257: 0.023976296,
                        258: 0.02592,
                        259: 0.02781037,
                        260: 0.02962963,
                        261: 0.03136,
                        262: 0.032983705,
                        263: 0.034482963,
                        264: 0.03584,
                        265: 0.037037037,
                        266: 0.038056295,
                        267: 0.03888,
                        268: 0.039490372,
                        269: 0.03986963,
                        270: 0.04,
                        271: 0.04,
                        272: 0.04,
                        273: 0.04,
                        274: 0.04,
                        275: 0.04,
                        276: 0.04,
                        277: 0.04,
                        278: 0.04,
                        279: 0.04,
                        280: 0.04,
                        281: 0.04,
                        282: 0.04,
                        283: 0.04,
                        284: 0.04,
                        285: 0.04,
                        286: 0.04,
                        287: 0.04,
                        288: 0.04,
                        289: 0.04,
                        290: 0.04,
                        291: 0.04,
                        292: 0.04,
                        293: 0.04,
                        294: 0.04,
                        295: 0.04,
                        296: 0.04,
                        297: 0.04,
                        298: 0.04,
                        299: 0.04,
                        300: 0.04,
                        301: 0.04,
                        302: 0.04,
                        303: 0.04,
                        304: 0.04,
                        305: 0.04,
                        306: 0.04,
                        307: 0.04,
                        308: 0.04,
                        309: 0.04,
                        310: 0.04,
                        311: 0.04,
                        312: 0.04,
                        313: 0.04,
                        314: 0.04,
                        315: 0.04,
                        316: 0.04,
                        317: 0.04,
                        318: 0.04,
                        319: 0.04,
                        320: 0.04,
                        321: 0.04,
                        322: 0.04,
                        323: 0.04,
                        324: 0.04,
                        325: 0.04,
                        326: 0.04,
                        327: 0.04,
                        328: 0.04,
                        329: 0.04,
                        330: 0.04,
                        331: 0.04,
                        332: 0.04,
                        333: 0.04,
                        334: 0.04,
                        335: 0.04,
                        336: 0.04,
                        337: 0.04,
                        338: 0.04,
                        339: 0.04,
                        340: 0.04,
                        341: 0.04,
                        342: 0.04,
                        343: 0.04,
                        344: 0.04,
                        345: 0.04,
                        346: 0.04,
                        347: 0.04,
                        348: 0.04,
                        349: 0.04,
                        350: 0.04,
                        351: 0.04,
                        352: 0.04,
                        353: 0.04,
                        354: 0.04,
                        355: 0.04,
                        356: 0.04,
                        357: 0.04,
                        358: 0.04,
                        359: 0.04,
                        360: 0.04,
                        361: 0.04,
                        362: 0.04,
                        363: 0.04,
                        364: 0.04,
                        365: 0.04,
                        366: 0.04,
                        367: 0.04,
                        368: 0.04,
                        369: 0.04,
                        370: 0.04,
                        371: 0.04,
                        372: 0.04,
                        373: 0.04,
                        374: 0.04,
                        375: 0.04,
                        376: 0.04,
                        377: 0.04,
                        378: 0.04,
                        379: 0.04,
                        380: 0.04,
                        381: 0.04,
                        382: 0.04,
                        383: 0.04,
                        384: 0.04,
                        385: 0.04,
                        386: 0.04,
                        387: 0.04,
                        388: 0.04,
                        389: 0.04,
                        390: 0.04,
                        391: 0.04,
                        392: 0.04,
                        393: 0.04,
                        394: 0.04,
                        395: 0.04,
                        396: 0.04,
                        397: 0.04,
                        398: 0.04,
                        399: 0.04,
                        400: 0.04,
                        401: 0.04,
                        402: 0.04,
                        403: 0.04,
                        404: 0.04,
                        405: 0.04,
                        406: 0.04,
                        407: 0.04,
                        408: 0.04,
                        409: 0.04,
                        410: 0.04,
                        411: 0.04,
                        412: 0.04,
                        413: 0.04,
                        414: 0.04,
                        415: 0.04,
                        416: 0.04,
                        417: 0.04,
                        418: 0.04,
                        419: 0.04,
                        420: 0.04,
                        421: 0.04,
                        422: 0.04,
                        423: 0.04,
                        424: 0.04,
                        425: 0.04,
                        426: 0.04,
                        427: 0.04,
                        428: 0.04,
                        429: 0.04,
                        430: 0.04,
                        431: 0.04,
                        432: 0.04,
                        433: 0.04,
                        434: 0.04,
                        435: 0.04,
                        436: 0.04,
                        437: 0.04,
                        438: 0.04,
                        439: 0.04,
                        440: 0.04,
                        441: 0.04,
                        442: 0.04,
                        443: 0.04,
                        444: 0.04,
                        445: 0.04,
                        446: 0.04,
                        447: 0.04,
                        448: 0.04,
                        449: 0.04,
                        450: 0.04,
                        451: 0.04,
                        452: 0.04,
                        453: 0.04,
                        454: 0.04,
                        455: 0.04,
                        456: 0.04,
                        457: 0.04,
                        458: 0.04,
                        459: 0.04,
                        460: 0.04,
                        461: 0.04,
                        462: 0.04,
                        463: 0.04,
                        464: 0.04,
                        465: 0.04,
                        466: 0.04,
                        467: 0.04,
                        468: 0.04,
                        469: 0.04,
                        470: 0.04,
                        471: 0.04,
                        472: 0.04,
                        473: 0.04,
                        474: 0.04,
                        475: 0.04,
                        476: 0.04,
                        477: 0.04,
                        478: 0.04,
                        479: 0.04,
                        480: 0.04,
                        481: 0.04,
                        482: 0.04,
                        483: 0.04,
                        484: 0.04,
                        485: 0.04,
                        486: 0.04,
                        487: 0.04,
                        488: 0.04,
                        489: 0.04,
                        490: 0.04,
                        491: 0.04,
                        492: 0.04,
                        493: 0.04,
                        494: 0.04,
                        495: 0.04,
                        496: 0.04,
                        497: 0.04,
                        498: 0.04,
                        499: 0.04,
                        500: 0.04,
                        501: 0.04,
                        502: 0.04,
                        503: 0.04,
                        504: 0.04,
                        505: 0.04,
                        506: 0.04,
                        507: 0.04,
                        508: 0.04,
                        509: 0.04,
                        510: 0.04,
                        511: 0.04,
                        512: 0.04,
                        513: 0.04,
                        514: 0.04,
                        515: 0.04,
                        516: 0.04,
                        517: 0.04,
                        518: 0.04,
                        519: 0.04,
                        520: 0.04,
                        521: 0.04,
                        522: 0.04,
                        523: 0.04,
                        524: 0.04,
                        525: 0.04,
                        526: 0.04,
                        527: 0.04,
                        528: 0.04,
                        529: 0.04,
                        530: 0.04,
                        531: 0.04,
                        532: 0.04,
                        533: 0.04,
                        534: 0.04,
                        535: 0.04,
                        536: 0.04,
                        537: 0.04,
                        538: 0.04,
                        539: 0.04,
                        540: 0.04,
                        541: 0.039054815,
                        542: 0.036305185,
                        543: 0.03188,
                        544: 0.025908148,
                        545: 0.018518519,
                        546: 0.00984,
                        547: 0.0000014814815,
                        548: -0.010868148,
                        549: -0.02264,
                        550: -0.035185184,
                        551: -0.048374813,
                        552: -0.06208,
                        553: -0.07617185,
                        554: -0.090521485,
                        555: -0.105,
                        556: -0.11947852,
                        557: -0.13382815,
                        558: -0.14792,
                        559: -0.16162519,
                        560: -0.17481482,
                        561: -0.18736,
                        562: -0.19913185,
                        563: -0.21000148,
                        564: -0.21984,
                        565: -0.22851852,
                        566: -0.23590815,
                        567: -0.24188,
                        568: -0.24630518,
                        569: -0.24905482,
                        570: -0.25,
                        571: -0.25,
                        572: -0.25,
                        573: -0.25,
                        574: -0.25,
                        575: -0.25,
                        576: -0.25,
                        577: -0.25,
                        578: -0.25,
                        579: -0.25,
                        580: -0.25,
                        581: -0.25,
                        582: -0.25,
                        583: -0.25,
                        584: -0.25,
                        585: -0.25,
                        586: -0.25,
                        587: -0.25,
                        588: -0.25,
                        589: -0.25,
                        590: -0.25,
                        591: -0.25,
                        592: -0.25,
                        593: -0.25,
                        594: -0.25,
                        595: -0.25,
                        596: -0.25,
                        597: -0.25,
                        598: -0.25,
                        599: -0.25,
                        600: -0.25,
                        601: -0.24980444,
                        602: -0.24923556,
                        603: -0.24832,
                        604: -0.24708444,
                        605: -0.24555555,
                        606: -0.24376,
                        607: -0.24172445,
                        608: -0.23947555,
                        609: -0.23704,
                        610: -0.23444444,
                        611: -0.23171556,
                        612: -0.22888,
                        613: -0.22596444,
                        614: -0.22299555,
                        615: -0.22,
                        616: -0.21700445,
                        617: -0.21403556,
                        618: -0.21112,
                        619: -0.20828444,
                        620: -0.20555556,
                        621: -0.20296,
                        622: -0.20052445,
                        623: -0.19827555,
                        624: -0.19624,
                        625: -0.19444445,
                        626: -0.19291556,
                        627: -0.19168,
                        628: -0.19076444,
                        629: -0.19019556,
                        630: -0.19,
                        631: -0.19,
                        632: -0.19,
                        633: -0.19,
                        634: -0.19,
                        635: -0.19,
                        636: -0.19,
                        637: -0.19,
                        638: -0.19,
                        639: -0.19,
                        640: -0.19,
                        641: -0.19,
                        642: -0.19,
                        643: -0.19,
                        644: -0.19,
                        645: -0.19,
                        646: -0.19,
                        647: -0.19,
                        648: -0.19,
                        649: -0.19,
                        650: -0.19,
                        651: -0.19,
                        652: -0.19,
                        653: -0.19,
                        654: -0.19,
                        655: -0.19,
                        656: -0.19,
                        657: -0.19,
                        658: -0.19,
                        659: -0.19,
                        660: -0.19,
                        661: -0.18938074,
                        662: -0.18757926,
                        663: -0.18468,
                        664: -0.1807674,
                        665: -0.17592593,
                        666: -0.17024,
                        667: -0.16379407,
                        668: -0.1566726,
                        669: -0.14896,
                        670: -0.14074074,
                        671: -0.13209926,
                        672: -0.12312,
                        673: -0.11388741,
                        674: -0.10448593,
                        675: -0.095,
                        676: -0.085514076,
                        677: -0.07611259,
                        678: -0.06688,
                        679: -0.05790074,
                        680: -0.04925926,
                        681: -0.04104,
                        682: -0.033327408,
                        683: -0.026205925,
                        684: -0.01976,
                        685: -0.014074074,
                        686: -0.009232593,
                        687: -0.00532,
                        688: -0.0024207407,
                        689: -0.00061925926,
                        690: 0,
                        691: 0,
                        692: 0,
                        693: 0,
                        694: 0,
                        695: 0,
                        696: 0,
                        697: 0,
                        698: 0,
                        699: 0,
                        700: 0,
                        701: 0,
                        702: 0,
                        703: 0,
                        704: 0,
                        705: 0,
                        706: 0,
                        707: 0,
                        708: 0,
                        709: 0,
                        710: 0,
                        711: 0,
                        712: 0,
                        713: 0,
                        714: 0,
                        715: 0,
                        716: 0,
                        717: 0,
                        718: 0,
                        719: 0,
                        720: 0,
                    }
                }

                over "arm_l_joint2"
                {
                    float drive:angular:physics:targetPosition.timeSamples = {
                        0: 0,
                        1: 0,
                        2: 0,
                        3: 0,
                        4: 0,
                        5: 0,
                        6: 0,
                        7: 0,
                        8: 0,
                        9: 0,
                        10: 0,
                        11: 0,
                        12: 0,
                        13: 0,
                        14: 0,
                        15: 0,
                        16: 0,
                        17: 0,
                        18: 0,
                        19: 0,
                        20: 0,
                        21: 0,
                        22: 0,
                        23: 0,
                        24: 0,
                        25: 0,
                        26: 0,
                        27: 0,
                        28: 0,
                        29: 0,
                        30: 0,
                        31: 0,
                        32: 0,
                        33: 0,
                        34: 0,
                        35: 0,
                        36: 0,
                        37: 0,
                        38: 0,
                        39: 0,
                        40: 0,
                        41: 0,
                        42: 0,
                        43: 0,
                        44: 0,
                        45: 0,
                        46: 0,
                        47: 0,
                        48: 0,
                        49: 0,
                        50: 0,
                        51: 0,
                        52: 0,
                        53: 0,
                        54: 0,
                        55: 0,
                        56: 0,
                        57: 0,
                        58: 0,
                        59: 0,
                        60: 0,
                        61: 0,
                        62: 0,
                        63: 0,
                        64: 0,
                        65: 0,
                        66: 0,
                        67: 0,
                        68: 0,
                        69: 0,
                        70: 0,
                        71: 0,
                        72: 0,
                        73: 0,
                        74: 0,
                        75: 0,
                        76: 0,
                        77: 0,
                        78: 0,
                        79: 0,
                        80: 0,
                        81: 0,
                        82: 0,
                        83: 0,
                        84: 0,
                        85: 0,
                        86: 0,
                        87: 0,
                        88: 0,
                        89: 0,
                        90: 0,
                        91: 0,
                        92: 0,
                        93: 0,
                        94: 0,
                        95: 0,
                        96: 0,
                        97: 0,
                        98: 0,
                        99: 0,
                        100: 0,
                        101: 0,
                        102: 0,
                        103: 0,
                        104: 0,
                        105: 0,
                        106: 0,
                        107: 0,
                        108: 0,
                        109: 0,
                        110: 0,
                        111: 0,
                        112: 0,
                        113: 0,
                        114: 0,
                        115: 0,
                        116: 0,
                        117: 0,
                        118: 0,
                        119: 0,
                        120: 0,
                        121: 0,
                        122: 0,
                        123: 0,
                        124: 0,
                        125: 0,
                        126: 0,
                        127: 0,
                        128: 0,
                        129: 0,
                        130: 0,
                        131: 0,
                        132: 0,
                        133: 0,
                        134: 0,
                        135: 0,
                        136: 0,
                        137: 0,
                        138: 0,
                        139: 0,
                        140: 0,
                        141: 0,
                        142: 0,
                        143: 0,
                        144: 0,
                        145: 0,
                        146: 0,
                        147: 0,
                        148: 0,
                        149: 0,
                        150: 0,
                        151: 0,
                        152: 0,
                        153: 0,
                        154: 0,
                        155: 0,
                        156: 0,
                        157: 0,
                        158: 0,
                        159: 0,
                        160: 0,
                        161: 0,
                        162: 0,
                        163: 0,
                        164: 0,
                        165: 0,
                        166: 0,
                        167: 0,
                        168: 0,
                        169: 0,
                        170: 0,
                        171: 0,
                        172: 0,
                        173: 0,
                        174: 0,
                        175: 0,
                        176: 0,
                        177: 0,
                        178: 0,
                        179: 0,
                        180: 0,
                        181: 0,
                        182: 0,
                        183: 0,
                        184: 0,
                        185: 0,
                        186: 0,
                        187: 0,
                        188: 0,
                        189: 0,
                        190: 0,
                        191: 0,
                        192: 0,
                        193: 0,
                        194: 0,
                        195: 0,
                        196: 0,
                        197: 0,
                        198: 0,
                        199: 0,
                        200: 0,
                        201: 0,
                        202: 0,
                        203: 0,
                        204: 0,
                        205: 0,
                        206: 0,
                        207: 0,
                        208: 0,
                        209: 0,
                        210: 0,
                        211: 0,
                        212: 0,
                        213: 0,
                        214: 0,
                        215: 0,
                        216: 0,
                        217: 0,
                        218: 0,
                        219: 0,
                        220: 0,
                        221: 0,
                        222: 0,
                        223: 0,
                        224: 0,
                        225: 0,
                        226: 0,
                        227: 0,
                        228: 0,
                        229: 0,
                        230: 0,
                        231: 0,
                        232: 0,
                        233: 0,
                        234: 0,
                        235: 0,
                        236: 0,
                        237: 0,
                        238: 0,
                        239: 0,
                        240: 0,
                        241: 0,
                        242: 0,
                        243: 0,
                        244: 0,
                        245: 0,
                        246: 0,
                        247: 0,
                        248: 0,
                        249: 0,
                        250: 0,
                        251: 0,
                        252: 0,
                        253: 0,
                        254: 0,
                        255: 0,
                        256: 0,
                        257: 0,
                        258: 0,
                        259: 0,
                        260: 0,
                        261: 0,
                        262: 0,
                        263: 0,
                        264: 0,
                        265: 0,
                        266: 0,
                        267: 0,
                        268: 0,
                        269: 0,
                        270: 0,
                        271: 0,
                        272: 0,
                        273: 0,
                        274: 0,
                        275: 0,
                        276: 0,
                        277: 0,
                        278: 0,
                        279: 0,
                        280: 0,
                        281: 0,
                        282: 0,
                        283: 0,
                        284: 0,
                        285: 0,
                        286: 0,
                        287: 0,
                        288: 0,
                        289: 0,
                        290: 0,
                        291: 0,
                        292: 0,
                        293: 0,
                        294: 0,
                        295: 0,
                        296: 0,
                        297: 0,
                        298: 0,
                        299: 0,
                        300: 0,
                        301: 0,
                        302: 0,
                        303: 0,
                        304: 0,
                        305: 0,
                        306: 0,
                        307: 0,
                        308: 0,
                        309: 0,
                        310: 0,
                        311: 0,
                        312: 0,
                        313: 0,
                        314: 0,
                        315: 0,
                        316: 0,
                        317: 0,
                        318: 0,
                        319: 0,
                        320: 0,
                        321: 0,
                        322: 0,
                        323: 0,
                        324: 0,
                        325: 0,
                        326: 0,
                        327: 0,
                        328: 0,
                        329: 0,
                        330: 0,
                        331: 0,
                        332: 0,
                        333: 0,
                        334: 0,
                        335: 0,
                        336: 0,
                        337: 0,
                        338: 0,
                        339: 0,
                        340: 0,
                        341: 0,
                        342: 0,
                        343: 0,
                        344: 0,
                        345: 0,
                        346: 0,
                        347: 0,
                        348: 0,
                        349: 0,
                        350: 0,
                        351: 0,
                        352: 0,
                        353: 0,
                        354: 0,
                        355: 0,
                        356: 0,
                        357: 0,
                        358: 0,
                        359: 0,
                        360: 0,
                        361: 0,
                        362: 0,
                        363: 0,
                        364: 0,
                        365: 0,
                        366: 0,
                        367: 0,
                        368: 0,
                        369: 0,
                        370: 0,
                        371: 0,
                        372: 0,
                        373: 0,
                        374: 0,
                        375: 0,
                        376: 0,
                        377: 0,
                        378: 0,
                        379: 0,
                        380: 0,
                        381: 0,
                        382: 0,
                        383: 0,
                        384: 0,
                        385: 0,
                        386: 0,
                        387: 0,
                        388: 0,
                        389: 0,
                        390: 0,
                        391: 0,
                        392: 0,
                        393: 0,
                        394: 0,
                        395: 0,
                        396: 0,
                        397: 0,
                        398: 0,
                        399: 0,
                        400: 0,
                        401: 0,
                        402: 0,
                        403: 0,
                        404: 0,
                        405: 0,
                        406: 0,
                        407: 0,
                        408: 0,
                        409: 0,
                        410: 0,
                        411: 0,
                        412: 0,
                        413: 0,
                        414: 0,
                        415: 0,
                        416: 0,
                        417: 0,
                        418: 0,
                        419: 0,
                        420: 0,
                        421: 0,
                        422: 0,
                        423: 0,
                        424: 0,
                        425: 0,
                        426: 0,
                        427: 0,
                        428: 0,
                        429: 0,
                        430: 0,
                        431: 0,
                        432: 0,
                        433: 0,
                        434: 0,
                        435: 0,
                        436: 0,
                        437: 0,
                        438: 0,
                        439: 0,
                        440: 0,
                        441: 0,
                        442: 0,
                        443: 0,
                        444: 0,
                        445: 0,
                        446: 0,
                        447: 0,
                        448: 0,
                        449: 0,
                        450: 0,
                        451: 0,
                        452: 0,
                        453: 0,
                        454: 0,
                        455: 0,
                        456: 0,
                        457: 0,
                        458: 0,
                        459: 0,
                        460: 0,
                        461: 0,
                        462: 0,
                        463: 0,
                        464: 0,
                        465: 0,
                        466: 0,
                        467: 0,
                        468: 0,
                        469: 0,
                        470: 0,
                        471: 0,
                        472: 0,
                        473: 0,
                        474: 0,
                        475: 0,
                        476: 0,
                        477: 0,
                        478: 0,
                        479: 0,
                        480: 0,
                        481: 0,
                        482: 0,
                        483: 0,
                        484: 0,
                        485: 0,
                        486: 0,
                        487: 0,
                        488: 0,
                        489: 0,
                        490: 0,
                        491: 0,
                        492: 0,
                        493: 0,
                        494: 0,
                        495: 0,
                        496: 0,
                        497: 0,
                        498: 0,
                        499: 0,
                        500: 0,
                        501: 0,
                        502: 0,
                        503: 0,
                        504: 0,
                        505: 0,
                        506: 0,
                        507: 0,
                        508: 0,
                        509: 0,
                        510: 0,
                        511: 0,
                        512: 0,
                        513: 0,
                        514: 0,
                        515: 0,
                        516: 0,
                        517: 0,
                        518: 0,
                        519: 0,
                        520: 0,
                        521: 0,
                        522: 0,
                        523: 0,
                        524: 0,
                        525: 0,
                        526: 0,
                        527: 0,
                        528: 0,
                        529: 0,
                        530: 0,
                        531: 0,
                        532: 0,
                        533: 0,
                        534: 0,
                        535: 0,
                        536: 0,
                        537: 0,
                        538: 0,
                        539: 0,
                        540: 0,
                        541: 0.00088,
                        542: 0.00344,
                        543: 0.00756,
                        544: 0.01312,
                        545: 0.02,
                        546: 0.02808,
                        547: 0.03724,
                        548: 0.04736,
                        549: 0.05832,
                        550: 0.07,
                        551: 0.08228,
                        552: 0.09504,
                        553: 0.10816,
                        554: 0.12152,
                        555: 0.135,
                        556: 0.14848,
                        557: 0.16184,
                        558: 0.17496,
                        559: 0.18772,
                        560: 0.2,
                        561: 0.21168,
                        562: 0.22264,
                        563: 0.23276,
                        564: 0.24192,
                        565: 0.25,
                        566: 0.25688,
                        567: 0.26244,
                        568: 0.26656,
                        569: 0.26912,
                        570: 0.27,
                        571: 0.27,
                        572: 0.27,
                        573: 0.27,
                        574: 0.27,
                        575: 0.27,
                        576: 0.27,
                        577: 0.27,
                        578: 0.27,
                        579: 0.27,
                        580: 0.27,
                        581: 0.27,
                        582: 0.27,
                        583: 0.27,
                        584: 0.27,
                        585: 0.27,
                        586: 0.27,
                        587: 0.27,
                        588: 0.27,
                        589: 0.27,
                        590: 0.27,
                        591: 0.27,
                        592: 0.27,
                        593: 0.27,
                        594: 0.27,
                        595: 0.27,
                        596: 0.27,
                        597: 0.27,
                        598: 0.27,
                        599: 0.27,
                        600: 0.27,
                        601: 0.27,
                        602: 0.27,
                        603: 0.27,
                        604: 0.27,
                        605: 0.27,
                        606: 0.27,
                        607: 0.27,
                        608: 0.27,
                        609: 0.27,
                        610: 0.27,
                        611: 0.27,
                        612: 0.27,
                        613: 0.27,
                        614: 0.27,
                        615: 0.27,
                        616: 0.27,
                        617: 0.27,
                        618: 0.27,
                        619: 0.27,
                        620: 0.27,
                        621: 0.27,
                        622: 0.27,
                        623: 0.27,
                        624: 0.27,
                        625: 0.27,
                        626: 0.27,
                        627: 0.27,
                        628: 0.27,
                        629: 0.27,
                        630: 0.27,
                        631: 0.27,
                        632: 0.27,
                        633: 0.27,
                        634: 0.27,
                        635: 0.27,
                        636: 0.27,
                        637: 0.27,
                        638: 0.27,
                        639: 0.27,
                        640: 0.27,
                        641: 0.27,
                        642: 0.27,
                        643: 0.27,
                        644: 0.27,
                        645: 0.27,
                        646: 0.27,
                        647: 0.27,
                        648: 0.27,
                        649: 0.27,
                        650: 0.27,
                        651: 0.27,
                        652: 0.27,
                        653: 0.27,
                        654: 0.27,
                        655: 0.27,
                        656: 0.27,
                        657: 0.27,
                        658: 0.27,
                        659: 0.27,
                        660: 0.27,
                        661: 0.26912,
                        662: 0.26656,
                        663: 0.26244,
                        664: 0.25688,
                        665: 0.25,
                        666: 0.24192,
                        667: 0.23276,
                        668: 0.22264,
                        669: 0.21168,
                        670: 0.2,
                        671: 0.18772,
                        672: 0.17496,
                        673: 0.16184,
                        674: 0.14848,
                        675: 0.135,
                        676: 0.12152,
                        677: 0.10816,
                        678: 0.09504,
                        679: 0.08228,
                        680: 0.07,
                        681: 0.05832,
                        682: 0.04736,
                        683: 0.03724,
                        684: 0.02808,
                        685: 0.02,
                        686: 0.01312,
                        687: 0.00756,
                        688: 0.00344,
                        689: 0.00088,
                        690: 0,
                        691: 0,
                        692: 0,
                        693: 0,
                        694: 0,
                        695: 0,
                        696: 0,
                        697: 0,
                        698: 0,
                        699: 0,
                        700: 0,
                        701: 0,
                        702: 0,
                        703: 0,
                        704: 0,
                        705: 0,
                        706: 0,
                        707: 0,
                        708: 0,
                        709: 0,
                        710: 0,
                        711: 0,
                        712: 0,
                        713: 0,
                        714: 0,
                        715: 0,
                        716: 0,
                        717: 0,
                        718: 0,
                        719: 0,
                        720: 0,
                    }
                }

                over "arm_l_joint3"
                {
                    float drive:angular:physics:targetPosition.timeSamples = {
                        0: 0,
                        1: 0,
                        2: 0,
                        3: 0,
                        4: 0,
                        5: 0,
                        6: 0,
                        7: 0,
                        8: 0,
                        9: 0,
                        10: 0,
                        11: 0,
                        12: 0,
                        13: 0,
                        14: 0,
                        15: 0,
                        16: 0,
                        17: 0,
                        18: 0,
                        19: 0,
                        20: 0,
                        21: 0,
                        22: 0,
                        23: 0,
                        24: 0,
                        25: 0,
                        26: 0,
                        27: 0,
                        28: 0,
                        29: 0,
                        30: 0,
                        31: 0,
                        32: 0,
                        33: 0,
                        34: 0,
                        35: 0,
                        36: 0,
                        37: 0,
                        38: 0,
                        39: 0,
                        40: 0,
                        41: 0,
                        42: 0,
                        43: 0,
                        44: 0,
                        45: 0,
                        46: 0,
                        47: 0,
                        48: 0,
                        49: 0,
                        50: 0,
                        51: 0,
                        52: 0,
                        53: 0,
                        54: 0,
                        55: 0,
                        56: 0,
                        57: 0,
                        58: 0,
                        59: 0,
                        60: 0,
                        61: 0,
                        62: 0,
                        63: 0,
                        64: 0,
                        65: 0,
                        66: 0,
                        67: 0,
                        68: 0,
                        69: 0,
                        70: 0,
                        71: 0,
                        72: 0,
                        73: 0,
                        74: 0,
                        75: 0,
                        76: 0,
                        77: 0,
                        78: 0,
                        79: 0,
                        80: 0,
                        81: 0,
                        82: 0,
                        83: 0,
                        84: 0,
                        85: 0,
                        86: 0,
                        87: 0,
                        88: 0,
                        89: 0,
                        90: 0,
                        91: 0,
                        92: 0,
                        93: 0,
                        94: 0,
                        95: 0,
                        96: 0,
                        97: 0,
                        98: 0,
                        99: 0,
                        100: 0,
                        101: 0,
                        102: 0,
                        103: 0,
                        104: 0,
                        105: 0,
                        106: 0,
                        107: 0,
                        108: 0,
                        109: 0,
                        110: 0,
                        111: 0,
                        112: 0,
                        113: 0,
                        114: 0,
                        115: 0,
                        116: 0,
                        117: 0,
                        118: 0,
                        119: 0,
                        120: 0,
                        121: 0,
                        122: 0,
                        123: 0,
                        124: 0,
                        125: 0,
                        126: 0,
                        127: 0,
                        128: 0,
                        129: 0,
                        130: 0,
                        131: 0,
                        132: 0,
                        133: 0,
                        134: 0,
                        135: 0,
                        136: 0,
                        137: 0,
                        138: 0,
                        139: 0,
                        140: 0,
                        141: 0,
                        142: 0,
                        143: 0,
                        144: 0,
                        145: 0,
                        146: 0,
                        147: 0,
                        148: 0,
                        149: 0,
                        150: 0,
                        151: 0,
                        152: 0,
                        153: 0,
                        154: 0,
                        155: 0,
                        156: 0,
                        157: 0,
                        158: 0,
                        159: 0,
                        160: 0,
                        161: 0,
                        162: 0,
                        163: 0,
                        164: 0,
                        165: 0,
                        166: 0,
                        167: 0,
                        168: 0,
                        169: 0,
                        170: 0,
                        171: 0,
                        172: 0,
                        173: 0,
                        174: 0,
                        175: 0,
                        176: 0,
                        177: 0,
                        178: 0,
                        179: 0,
                        180: 0,
                        181: 0,
                        182: 0,
                        183: 0,
                        184: 0,
                        185: 0,
                        186: 0,
                        187: 0,
                        188: 0,
                        189: 0,
                        190: 0,
                        191: 0,
                        192: 0,
                        193: 0,
                        194: 0,
                        195: 0,
                        196: 0,
                        197: 0,
                        198: 0,
                        199: 0,
                        200: 0,
                        201: 0,
                        202: 0,
                        203: 0,
                        204: 0,
                        205: 0,
                        206: 0,
                        207: 0,
                        208: 0,
                        209: 0,
                        210: 0,
                        211: 0,
                        212: 0,
                        213: 0,
                        214: 0,
                        215: 0,
                        216: 0,
                        217: 0,
                        218: 0,
                        219: 0,
                        220: 0,
                        221: 0,
                        222: 0,
                        223: 0,
                        224: 0,
                        225: 0,
                        226: 0,
                        227: 0,
                        228: 0,
                        229: 0,
                        230: 0,
                        231: 0,
                        232: 0,
                        233: 0,
                        234: 0,
                        235: 0,
                        236: 0,
                        237: 0,
                        238: 0,
                        239: 0,
                        240: 0,
                        241: -0.0009777778,
                        242: -0.0038222221,
                        243: -0.0084,
                        244: -0.014577778,
                        245: -0.022222223,
                        246: -0.0312,
                        247: -0.04137778,
                        248: -0.05262222,
                        249: -0.0648,
                        250: -0.07777778,
                        251: -0.09142222,
                        252: -0.1056,
                        253: -0.120177776,
                        254: -0.13502222,
                        255: -0.15,
                        256: -0.16497777,
                        257: -0.17982222,
                        258: -0.1944,
                        259: -0.20857778,
                        260: -0.22222222,
                        261: -0.2352,
                        262: -0.24737778,
                        263: -0.25862223,
                        264: -0.2688,
                        265: -0.2777778,
                        266: -0.28542224,
                        267: -0.2916,
                        268: -0.29617777,
                        269: -0.29902223,
                        270: -0.3,
                        271: -0.3,
                        272: -0.3,
                        273: -0.3,
                        274: -0.3,
                        275: -0.3,
                        276: -0.3,
                        277: -0.3,
                        278: -0.3,
                        279: -0.3,
                        280: -0.3,
                        281: -0.3,
                        282: -0.3,
                        283: -0.3,
                        284: -0.3,
                        285: -0.3,
                        286: -0.3,
                        287: -0.3,
                        288: -0.3,
                        289: -0.3,
                        290: -0.3,
                        291: -0.3,
                        292: -0.3,
                        293: -0.3,
                        294: -0.3,
                        295: -0.3,
                        296: -0.3,
                        297: -0.3,
                        298: -0.3,
                        299: -0.3,
                        300: -0.3,
                        301: -0.3,
                        302: -0.3,
                        303: -0.3,
                        304: -0.3,
                        305: -0.3,
                        306: -0.3,
                        307: -0.3,
                        308: -0.3,
                        309: -0.3,
                        310: -0.3,
                        311: -0.3,
                        312: -0.3,
                        313: -0.3,
                        314: -0.3,
                        315: -0.3,
                        316: -0.3,
                        317: -0.3,
                        318: -0.3,
                        319: -0.3,
                        320: -0.3,
                        321: -0.3,
                        322: -0.3,
                        323: -0.3,
                        324: -0.3,
                        325: -0.3,
                        326: -0.3,
                        327: -0.3,
                        328: -0.3,
                        329: -0.3,
                        330: -0.3,
                        331: -0.3,
                        332: -0.3,
                        333: -0.3,
                        334: -0.3,
                        335: -0.3,
                        336: -0.3,
                        337: -0.3,
                        338: -0.3,
                        339: -0.3,
                        340: -0.3,
                        341: -0.3,
                        342: -0.3,
                        343: -0.3,
                        344: -0.3,
                        345: -0.3,
                        346: -0.3,
                        347: -0.3,
                        348: -0.3,
                        349: -0.3,
                        350: -0.3,
                        351: -0.3,
                        352: -0.3,
                        353: -0.3,
                        354: -0.3,
                        355: -0.3,
                        356: -0.3,
                        357: -0.3,
                        358: -0.3,
                        359: -0.3,
                        360: -0.3,
                        361: -0.3,
                        362: -0.3,
                        363: -0.3,
                        364: -0.3,
                        365: -0.3,
                        366: -0.3,
                        367: -0.3,
                        368: -0.3,
                        369: -0.3,
                        370: -0.3,
                        371: -0.3,
                        372: -0.3,
                        373: -0.3,
                        374: -0.3,
                        375: -0.3,
                        376: -0.3,
                        377: -0.3,
                        378: -0.3,
                        379: -0.3,
                        380: -0.3,
                        381: -0.3,
                        382: -0.3,
                        383: -0.3,
                        384: -0.3,
                        385: -0.3,
                        386: -0.3,
                        387: -0.3,
                        388: -0.3,
                        389: -0.3,
                        390: -0.3,
                        391: -0.3,
                        392: -0.3,
                        393: -0.3,
                        394: -0.3,
                        395: -0.3,
                        396: -0.3,
                        397: -0.3,
                        398: -0.3,
                        399: -0.3,
                        400: -0.3,
                        401: -0.3,
                        402: -0.3,
                        403: -0.3,
                        404: -0.3,
                        405: -0.3,
                        406: -0.3,
                        407: -0.3,
                        408: -0.3,
                        409: -0.3,
                        410: -0.3,
                        411: -0.3,
                        412: -0.3,
                        413: -0.3,
                        414: -0.3,
                        415: -0.3,
                        416: -0.3,
                        417: -0.3,
                        418: -0.3,
                        419: -0.3,
                        420: -0.3,
                        421: -0.3,
                        422: -0.3,
                        423: -0.3,
                        424: -0.3,
                        425: -0.3,
                        426: -0.3,
                        427: -0.3,
                        428: -0.3,
                        429: -0.3,
                        430: -0.3,
                        431: -0.3,
                        432: -0.3,
                        433: -0.3,
                        434: -0.3,
                        435: -0.3,
                        436: -0.3,
                        437: -0.3,
                        438: -0.3,
                        439: -0.3,
                        440: -0.3,
                        441: -0.3,
                        442: -0.3,
                        443: -0.3,
                        444: -0.3,
                        445: -0.3,
                        446: -0.3,
                        447: -0.3,
                        448: -0.3,
                        449: -0.3,
                        450: -0.3,
                        451: -0.3,
                        452: -0.3,
                        453: -0.3,
                        454: -0.3,
                        455: -0.3,
                        456: -0.3,
                        457: -0.3,
                        458: -0.3,
                        459: -0.3,
                        460: -0.3,
                        461: -0.3,
                        462: -0.3,
                        463: -0.3,
                        464: -0.3,
                        465: -0.3,
                        466: -0.3,
                        467: -0.3,
                        468: -0.3,
                        469: -0.3,
                        470: -0.3,
                        471: -0.3,
                        472: -0.3,
                        473: -0.3,
                        474: -0.3,
                        475: -0.3,
                        476: -0.3,
                        477: -0.3,
                        478: -0.3,
                        479: -0.3,
                        480: -0.3,
                        481: -0.3,
                        482: -0.3,
                        483: -0.3,
                        484: -0.3,
                        485: -0.3,
                        486: -0.3,
                        487: -0.3,
                        488: -0.3,
                        489: -0.3,
                        490: -0.3,
                        491: -0.3,
                        492: -0.3,
                        493: -0.3,
                        494: -0.3,
                        495: -0.3,
                        496: -0.3,
                        497: -0.3,
                        498: -0.3,
                        499: -0.3,
                        500: -0.3,
                        501: -0.3,
                        502: -0.3,
                        503: -0.3,
                        504: -0.3,
                        505: -0.3,
                        506: -0.3,
                        507: -0.3,
                        508: -0.3,
                        509: -0.3,
                        510: -0.3,
                        511: -0.3,
                        512: -0.3,
                        513: -0.3,
                        514: -0.3,
                        515: -0.3,
                        516: -0.3,
                        517: -0.3,
                        518: -0.3,
                        519: -0.3,
                        520: -0.3,
                        521: -0.3,
                        522: -0.3,
                        523: -0.3,
                        524: -0.3,
                        525: -0.3,
                        526: -0.3,
                        527: -0.3,
                        528: -0.3,
                        529: -0.3,
                        530: -0.3,
                        531: -0.3,
                        532: -0.3,
                        533: -0.3,
                        534: -0.3,
                        535: -0.3,
                        536: -0.3,
                        537: -0.3,
                        538: -0.3,
                        539: -0.3,
                        540: -0.3,
                        541: -0.29794666,
                        542: -0.29197332,
                        543: -0.28236,
                        544: -0.26938668,
                        545: -0.25333333,
                        546: -0.23448,
                        547: -0.21310666,
                        548: -0.18949333,
                        549: -0.16392,
                        550: -0.13666667,
                        551: -0.10801333,
                        552: -0.07824,
                        553: -0.047626667,
                        554: -0.016453333,
                        555: 0.015,
                        556: 0.046453334,
                        557: 0.07762667,
                        558: 0.10824,
                        559: 0.13801333,
                        560: 0.16666667,
                        561: 0.19392,
                        562: 0.21949333,
                        563: 0.24310666,
                        564: 0.26448,
                        565: 0.28333333,
                        566: 0.29938668,
                        567: 0.31236,
                        568: 0.32197332,
                        569: 0.32794666,
                        570: 0.33,
                        571: 0.33,
                        572: 0.33,
                        573: 0.33,
                        574: 0.33,
                        575: 0.33,
                        576: 0.33,
                        577: 0.33,
                        578: 0.33,
                        579: 0.33,
                        580: 0.33,
                        581: 0.33,
                        582: 0.33,
                        583: 0.33,
                        584: 0.33,
                        585: 0.33,
                        586: 0.33,
                        587: 0.33,
                        588: 0.33,
                        589: 0.33,
                        590: 0.33,
                        591: 0.33,
                        592: 0.33,
                        593: 0.33,
                        594: 0.33,
                        595: 0.33,
                        596: 0.33,
                        597: 0.33,
                        598: 0.33,
                        599: 0.33,
                        600: 0.33,
                        601: 0.33,
                        602: 0.33,
                        603: 0.33,
                        604: 0.33,
                        605: 0.33,
                        606: 0.33,
                        607: 0.33,
                        608: 0.33,
                        609: 0.33,
                        610: 0.33,
                        611: 0.33,
                        612: 0.33,
                        613: 0.33,
                        614: 0.33,
                        615: 0.33,
                        616: 0.33,
                        617: 0.33,
                        618: 0.33,
                        619: 0.33,
                        620: 0.33,
                        621: 0.33,
                        622: 0.33,
                        623: 0.33,
                        624: 0.33,
                        625: 0.33,
                        626: 0.33,
                        627: 0.33,
                        628: 0.33,
                        629: 0.33,
                        630: 0.33,
                        631: 0.33,
                        632: 0.33,
                        633: 0.33,
                        634: 0.33,
                        635: 0.33,
                        636: 0.33,
                        637: 0.33,
                        638: 0.33,
                        639: 0.33,
                        640: 0.33,
                        641: 0.33,
                        642: 0.33,
                        643: 0.33,
                        644: 0.33,
                        645: 0.33,
                        646: 0.33,
                        647: 0.33,
                        648: 0.33,
                        649: 0.33,
                        650: 0.33,
                        651: 0.33,
                        652: 0.33,
                        653: 0.33,
                        654: 0.33,
                        655: 0.33,
                        656: 0.33,
                        657: 0.33,
                        658: 0.33,
                        659: 0.33,
                        660: 0.33,
                        661: 0.32892445,
                        662: 0.32579556,
                        663: 0.32076,
                        664: 0.31396446,
                        665: 0.30555555,
                        666: 0.29568,
                        667: 0.28448445,
                        668: 0.27211556,
                        669: 0.25872,
                        670: 0.24444444,
                        671: 0.22943555,
                        672: 0.21384,
                        673: 0.19780445,
                        674: 0.18147555,
                        675: 0.165,
                        676: 0.14852445,
                        677: 0.13219556,
                        678: 0.11616,
                        679: 0.10056444,
                        680: 0.08555555,
                        681: 0.07128,
                        682: 0.057884444,
                        683: 0.045515556,
                        684: 0.03432,
                        685: 0.024444444,
                        686: 0.016035555,
                        687: 0.00924,
                        688: 0.0042044446,
                        689: 0.0010755556,
                        690: 0,
                        691: 0,
                        692: 0,
                        693: 0,
                        694: 0,
                        695: 0,
                        696: 0,
                        697: 0,
                        698: 0,
                        699: 0,
                        700: 0,
                        701: 0,
                        702: 0,
                        703: 0,
                        704: 0,
                        705: 0,
                        706: 0,
                        707: 0,
                        708: 0,
                        709: 0,
                        710: 0,
                        711: 0,
                        712: 0,
                        713: 0,
                        714: 0,
                        715: 0,
                        716: 0,
                        717: 0,
                        718: 0,
                        719: 0,
                        720: 0,
                    }
                }

                over "arm_l_joint4"
                {
                    float drive:angular:physics:targetPosition.timeSamples = {
                        0: 0,
                        1: -0.004888889,
                        2: -0.019111112,
                        3: -0.042,
                        4: -0.07288889,
                        5: -0.11111111,
                        6: -0.156,
                        7: -0.20688888,
                        8: -0.2631111,
                        9: -0.324,
                        10: -0.3888889,
                        11: -0.45711112,
                        12: -0.528,
                        13: -0.6008889,
                        14: -0.6751111,
                        15: -0.75,
                        16: -0.8248889,
                        17: -0.8991111,
                        18: -0.972,
                        19: -1.0428889,
                        20: -1.1111112,
                        21: -1.176,
                        22: -1.2368889,
                        23: -1.2931111,
                        24: -1.344,
                        25: -1.3888888,
                        26: -1.4271111,
                        27: -1.458,
                        28: -1.4808888,
                        29: -1.4951111,
                        30: -1.5,
                        31: -1.5,
                        32: -1.5,
                        33: -1.5,
                        34: -1.5,
                        35: -1.5,
                        36: -1.5,
                        37: -1.5,
                        38: -1.5,
                        39: -1.5,
                        40: -1.5,
                        41: -1.5,
                        42: -1.5,
                        43: -1.5,
                        44: -1.5,
                        45: -1.5,
                        46: -1.5,
                        47: -1.5,
                        48: -1.5,
                        49: -1.5,
                        50: -1.5,
                        51: -1.5,
                        52: -1.5,
                        53: -1.5,
                        54: -1.5,
                        55: -1.5,
                        56: -1.5,
                        57: -1.5,
                        58: -1.5,
                        59: -1.5,
                        60: -1.5,
                        61: -1.5,
                        62: -1.5,
                        63: -1.5,
                        64: -1.5,
                        65: -1.5,
                        66: -1.5,
                        67: -1.5,
                        68: -1.5,
                        69: -1.5,
                        70: -1.5,
                        71: -1.5,
                        72: -1.5,
                        73: -1.5,
                        74: -1.5,
                        75: -1.5,
                        76: -1.5,
                        77: -1.5,
                        78: -1.5,
                        79: -1.5,
                        80: -1.5,
                        81: -1.5,
                        82: -1.5,
                        83: -1.5,
                        84: -1.5,
                        85: -1.5,
                        86: -1.5,
                        87: -1.5,
                        88: -1.5,
                        89: -1.5,
                        90: -1.5,
                        91: -1.5,
                        92: -1.5,
                        93: -1.5,
                        94: -1.5,
                        95: -1.5,
                        96: -1.5,
                        97: -1.5,
                        98: -1.5,
                        99: -1.5,
                        100: -1.5,
                        101: -1.5,
                        102: -1.5,
                        103: -1.5,
                        104: -1.5,
                        105: -1.5,
                        106: -1.5,
                        107: -1.5,
                        108: -1.5,
                        109: -1.5,
                        110: -1.5,
                        111: -1.5,
                        112: -1.5,
                        113: -1.5,
                        114: -1.5,
                        115: -1.5,
                        116: -1.5,
                        117: -1.5,
                        118: -1.5,
                        119: -1.5,
                        120: -1.5,
                        121: -1.5,
                        122: -1.5,
                        123: -1.5,
                        124: -1.5,
                        125: -1.5,
                        126: -1.5,
                        127: -1.5,
                        128: -1.5,
                        129: -1.5,
                        130: -1.5,
                        131: -1.5,
                        132: -1.5,
                        133: -1.5,
                        134: -1.5,
                        135: -1.5,
                        136: -1.5,
                        137: -1.5,
                        138: -1.5,
                        139: -1.5,
                        140: -1.5,
                        141: -1.5,
                        142: -1.5,
                        143: -1.5,
                        144: -1.5,
                        145: -1.5,
                        146: -1.5,
                        147: -1.5,
                        148: -1.5,
                        149: -1.5,
                        150: -1.5,
                        151: -1.5,
                        152: -1.5,
                        153: -1.5,
                        154: -1.5,
                        155: -1.5,
                        156: -1.5,
                        157: -1.5,
                        158: -1.5,
                        159: -1.5,
                        160: -1.5,
                        161: -1.5,
                        162: -1.5,
                        163: -1.5,
                        164: -1.5,
                        165: -1.5,
                        166: -1.5,
                        167: -1.5,
                        168: -1.5,
                        169: -1.5,
                        170: -1.5,
                        171: -1.5,
                        172: -1.5,
                        173: -1.5,
                        174: -1.5,
                        175: -1.5,
                        176: -1.5,
                        177: -1.5,
                        178: -1.5,
                        179: -1.5,
                        180: -1.5,
                        181: -1.5,
                        182: -1.5,
                        183: -1.5,
                        184: -1.5,
                        185: -1.5,
                        186: -1.5,
                        187: -1.5,
                        188: -1.5,
                        189: -1.5,
                        190: -1.5,
                        191: -1.5,
                        192: -1.5,
                        193: -1.5,
                        194: -1.5,
                        195: -1.5,
                        196: -1.5,
                        197: -1.5,
                        198: -1.5,
                        199: -1.5,
                        200: -1.5,
                        201: -1.5,
                        202: -1.5,
                        203: -1.5,
                        204: -1.5,
                        205: -1.5,
                        206: -1.5,
                        207: -1.5,
                        208: -1.5,
                        209: -1.5,
                        210: -1.5,
                        211: -1.5,
                        212: -1.5,
                        213: -1.5,
                        214: -1.5,
                        215: -1.5,
                        216: -1.5,
                        217: -1.5,
                        218: -1.5,
                        219: -1.5,
                        220: -1.5,
                        221: -1.5,
                        222: -1.5,
                        223: -1.5,
                        224: -1.5,
                        225: -1.5,
                        226: -1.5,
                        227: -1.5,
                        228: -1.5,
                        229: -1.5,
                        230: -1.5,
                        231: -1.5,
                        232: -1.5,
                        233: -1.5,
                        234: -1.5,
                        235: -1.5,
                        236: -1.5,
                        237: -1.5,
                        238: -1.5,
                        239: -1.5,
                        240: -1.5,
                        241: -1.5016495,
                        242: -1.506448,
                        243: -1.5141708,
                        244: -1.5245928,
                        245: -1.5374889,
                        246: -1.5526344,
                        247: -1.5698043,
                        248: -1.5887737,
                        249: -1.6093175,
                        250: -1.6312112,
                        251: -1.6542293,
                        252: -1.6781472,
                        253: -1.70274,
                        254: -1.7277825,
                        255: -1.75305,
                        256: -1.7783176,
                        257: -1.8033601,
                        258: -1.8279527,
                        259: -1.8518707,
                        260: -1.8748889,
                        261: -1.8967824,
                        262: -1.9173263,
                        263: -1.9362957,
                        264: -1.9534656,
                        265: -1.9686111,
                        266: -1.9815073,
                        267: -1.9919292,
                        268: -1.9996519,
                        269: -2.0044506,
                        270: -2.0061,
                        271: -2.0061,
                        272: -2.0061,
                        273: -2.0061,
                        274: -2.0061,
                        275: -2.0061,
                        276: -2.0061,
                        277: -2.0061,
                        278: -2.0061,
                        279: -2.0061,
                        280: -2.0061,
                        281: -2.0061,
                        282: -2.0061,
                        283: -2.0061,
                        284: -2.0061,
                        285: -2.0061,
                        286: -2.0061,
                        287: -2.0061,
                        288: -2.0061,
                        289: -2.0061,
                        290: -2.0061,
                        291: -2.0061,
                        292: -2.0061,
                        293: -2.0061,
                        294: -2.0061,
                        295: -2.0061,
                        296: -2.0061,
                        297: -2.0061,
                        298: -2.0061,
                        299: -2.0061,
                        300: -2.0061,
                        301: -2.0061,
                        302: -2.0061,
                        303: -2.0061,
                        304: -2.0061,
                        305: -2.0061,
                        306: -2.0061,
                        307: -2.0061,
                        308: -2.0061,
                        309: -2.0061,
                        310: -2.0061,
                        311: -2.0061,
                        312: -2.0061,
                        313: -2.0061,
                        314: -2.0061,
                        315: -2.0061,
                        316: -2.0061,
                        317: -2.0061,
                        318: -2.0061,
                        319: -2.0061,
                        320: -2.0061,
                        321: -2.0061,
                        322: -2.0061,
                        323: -2.0061,
                        324: -2.0061,
                        325: -2.0061,
                        326: -2.0061,
                        327: -2.0061,
                        328: -2.0061,
                        329: -2.0061,
                        330: -2.0061,
                        331: -2.0061,
                        332: -2.0061,
                        333: -2.0061,
                        334: -2.0061,
                        335: -2.0061,
                        336: -2.0061,
                        337: -2.0061,
                        338: -2.0061,
                        339: -2.0061,
                        340: -2.0061,
                        341: -2.0061,
                        342: -2.0061,
                        343: -2.0061,
                        344: -2.0061,
                        345: -2.0061,
                        346: -2.0061,
                        347: -2.0061,
                        348: -2.0061,
                        349: -2.0061,
                        350: -2.0061,
                        351: -2.0061,
                        352: -2.0061,
                        353: -2.0061,
                        354: -2.0061,
                        355: -2.0061,
                        356: -2.0061,
                        357: -2.0061,
                        358: -2.0061,
                        359: -2.0061,
                        360: -2.0061,
                        361: -2.0061,
                        362: -2.0061,
                        363: -2.0061,
                        364: -2.0061,
                        365: -2.0061,
                        366: -2.0061,
                        367: -2.0061,
                        368: -2.0061,
                        369: -2.0061,
                        370: -2.0061,
                        371: -2.0061,
                        372: -2.0061,
                        373: -2.0061,
                        374: -2.0061,
                        375: -2.0061,
                        376: -2.0061,
                        377: -2.0061,
                        378: -2.0061,
                        379: -2.0061,
                        380: -2.0061,
                        381: -2.0061,
                        382: -2.0061,
                        383: -2.0061,
                        384: -2.0061,
                        385: -2.0061,
                        386: -2.0061,
                        387: -2.0061,
                        388: -2.0061,
                        389: -2.0061,
                        390: -2.0061,
                        391: -2.0061,
                        392: -2.0061,
                        393: -2.0061,
                        394: -2.0061,
                        395: -2.0061,
                        396: -2.0061,
                        397: -2.0061,
                        398: -2.0061,
                        399: -2.0061,
                        400: -2.0061,
                        401: -2.0061,
                        402: -2.0061,
                        403: -2.0061,
                        404: -2.0061,
                        405: -2.0061,
                        406: -2.0061,
                        407: -2.0061,
                        408: -2.0061,
                        409: -2.0061,
                        410: -2.0061,
                        411: -2.0061,
                        412: -2.0061,
                        413: -2.0061,
                        414: -2.0061,
                        415: -2.0061,
                        416: -2.0061,
                        417: -2.0061,
                        418: -2.0061,
                        419: -2.0061,
                        420: -2.0061,
                        421: -2.0061,
                        422: -2.0061,
                        423: -2.0061,
                        424: -2.0061,
                        425: -2.0061,
                        426: -2.0061,
                        427: -2.0061,
                        428: -2.0061,
                        429: -2.0061,
                        430: -2.0061,
                        431: -2.0061,
                        432: -2.0061,
                        433: -2.0061,
                        434: -2.0061,
                        435: -2.0061,
                        436: -2.0061,
                        437: -2.0061,
                        438: -2.0061,
                        439: -2.0061,
                        440: -2.0061,
                        441: -2.0061,
                        442: -2.0061,
                        443: -2.0061,
                        444: -2.0061,
                        445: -2.0061,
                        446: -2.0061,
                        447: -2.0061,
                        448: -2.0061,
                        449: -2.0061,
                        450: -2.0061,
                        451: -2.0061,
                        452: -2.0061,
                        453: -2.0061,
                        454: -2.0061,
                        455: -2.0061,
                        456: -2.0061,
                        457: -2.0061,
                        458: -2.0061,
                        459: -2.0061,
                        460: -2.0061,
                        461: -2.0061,
                        462: -2.0061,
                        463: -2.0061,
                        464: -2.0061,
                        465: -2.0061,
                        466: -2.0061,
                        467: -2.0061,
                        468: -2.0061,
                        469: -2.0061,
                        470: -2.0061,
                        471: -2.0061,
                        472: -2.0061,
                        473: -2.0061,
                        474: -2.0061,
                        475: -2.0061,
                        476: -2.0061,
                        477: -2.0061,
                        478: -2.0061,
                        479: -2.0061,
                        480: -2.0061,
                        481: -2.0061,
                        482: -2.0061,
                        483: -2.0061,
                        484: -2.0061,
                        485: -2.0061,
                        486: -2.0061,
                        487: -2.0061,
                        488: -2.0061,
                        489: -2.0061,
                        490: -2.0061,
                        491: -2.0061,
                        492: -2.0061,
                        493: -2.0061,
                        494: -2.0061,
                        495: -2.0061,
                        496: -2.0061,
                        497: -2.0061,
                        498: -2.0061,
                        499: -2.0061,
                        500: -2.0061,
                        501: -2.0061,
                        502: -2.0061,
                        503: -2.0061,
                        504: -2.0061,
                        505: -2.0061,
                        506: -2.0061,
                        507: -2.0061,
                        508: -2.0061,
                        509: -2.0061,
                        510: -2.0061,
                        511: -2.0061,
                        512: -2.0061,
                        513: -2.0061,
                        514: -2.0061,
                        515: -2.0061,
                        516: -2.0061,
                        517: -2.0061,
                        518: -2.0061,
                        519: -2.0061,
                        520: -2.0061,
                        521: -2.0061,
                        522: -2.0061,
                        523: -2.0061,
                        524: -2.0061,
                        525: -2.0061,
                        526: -2.0061,
                        527: -2.0061,
                        528: -2.0061,
                        529: -2.0061,
                        530: -2.0061,
                        531: -2.0061,
                        532: -2.0061,
                        533: -2.0061,
                        534: -2.0061,
                        535: -2.0061,
                        536: -2.0061,
                        537: -2.0061,
                        538: -2.0061,
                        539: -2.0061,
                        540: -2.0061,
                        541: -2.0061,
                        542: -2.0061,
                        543: -2.0061,
                        544: -2.0061,
                        545: -2.0061,
                        546: -2.0061,
                        547: -2.0061,
                        548: -2.0061,
                        549: -2.0061,
                        550: -2.0061,
                        551: -2.0061,
                        552: -2.0061,
                        553: -2.0061,
                        554: -2.0061,
                        555: -2.0061,
                        556: -2.0061,
                        557: -2.0061,
                        558: -2.0061,
                        559: -2.0061,
                        560: -2.0061,
                        561: -2.0061,
                        562: -2.0061,
                        563: -2.0061,
                        564: -2.0061,
                        565: -2.0061,
                        566: -2.0061,
                        567: -2.0061,
                        568: -2.0061,
                        569: -2.0061,
                        570: -2.0061,
                        571: -2.0061,
                        572: -2.0061,
                        573: -2.0061,
                        574: -2.0061,
                        575: -2.0061,
                        576: -2.0061,
                        577: -2.0061,
                        578: -2.0061,
                        579: -2.0061,
                        580: -2.0061,
                        581: -2.0061,
                        582: -2.0061,
                        583: -2.0061,
                        584: -2.0061,
                        585: -2.0061,
                        586: -2.0061,
                        587: -2.0061,
                        588: -2.0061,
                        589: -2.0061,
                        590: -2.0061,
                        591: -2.0061,
                        592: -2.0061,
                        593: -2.0061,
                        594: -2.0061,
                        595: -2.0061,
                        596: -2.0061,
                        597: -2.0061,
                        598: -2.0061,
                        599: -2.0061,
                        600: -2.0061,
                        601: -2.0061,
                        602: -2.0061,
                        603: -2.0061,
                        604: -2.0061,
                        605: -2.0061,
                        606: -2.0061,
                        607: -2.0061,
                        608: -2.0061,
                        609: -2.0061,
                        610: -2.0061,
                        611: -2.0061,
                        612: -2.0061,
                        613: -2.0061,
                        614: -2.0061,
                        615: -2.0061,
                        616: -2.0061,
                        617: -2.0061,
                        618: -2.0061,
                        619: -2.0061,
                        620: -2.0061,
                        621: -2.0061,
                        622: -2.0061,
                        623: -2.0061,
                        624: -2.0061,
                        625: -2.0061,
                        626: -2.0061,
                        627: -2.0061,
                        628: -2.0061,
                        629: -2.0061,
                        630: -2.0061,
                        631: -2.0061,
                        632: -2.0061,
                        633: -2.0061,
                        634: -2.0061,
                        635: -2.0061,
                        636: -2.0061,
                        637: -2.0061,
                        638: -2.0061,
                        639: -2.0061,
                        640: -2.0061,
                        641: -2.0061,
                        642: -2.0061,
                        643: -2.0061,
                        644: -2.0061,
                        645: -2.0061,
                        646: -2.0061,
                        647: -2.0061,
                        648: -2.0061,
                        649: -2.0061,
                        650: -2.0061,
                        651: -2.0061,
                        652: -2.0061,
                        653: -2.0061,
                        654: -2.0061,
                        655: -2.0061,
                        656: -2.0061,
                        657: -2.0061,
                        658: -2.0061,
                        659: -2.0061,
                        660: -2.0061,
                        661: -2.0044506,
                        662: -1.9996519,
                        663: -1.9919292,
                        664: -1.9815073,
                        665: -1.9686111,
                        666: -1.9534656,
                        667: -1.9362957,
                        668: -1.9173263,
                        669: -1.8967824,
                        670: -1.8748889,
                        671: -1.8518707,
                        672: -1.8279527,
                        673: -1.8033601,
                        674: -1.7783176,
                        675: -1.75305,
                        676: -1.7277825,
                        677: -1.70274,
                        678: -1.6781472,
                        679: -1.6542293,
                        680: -1.6312112,
                        681: -1.6093175,
                        682: -1.5887737,
                        683: -1.5698043,
                        684: -1.5526344,
                        685: -1.5374889,
                        686: -1.5245928,
                        687: -1.5141708,
                        688: -1.506448,
                        689: -1.5016495,
                        690: -1.5,
                        691: -1.5,
                        692: -1.5,
                        693: -1.5,
                        694: -1.5,
                        695: -1.5,
                        696: -1.5,
                        697: -1.5,
                        698: -1.5,
                        699: -1.5,
                        700: -1.5,
                        701: -1.5,
                        702: -1.5,
                        703: -1.5,
                        704: -1.5,
                        705: -1.5,
                        706: -1.5,
                        707: -1.5,
                        708: -1.5,
                        709: -1.5,
                        710: -1.5,
                        711: -1.5,
                        712: -1.5,
                        713: -1.5,
                        714: -1.5,
                        715: -1.5,
                        716: -1.5,
                        717: -1.5,
                        718: -1.5,
                        719: -1.5,
                        720: -1.5,
                    }
                }

                over "arm_l_joint5"
                {
                    float drive:angular:physics:targetPosition.timeSamples = {
                        0: 0,
                        1: 0,
                        2: 0,
                        3: 0,
                        4: 0,
                        5: 0,
                        6: 0,
                        7: 0,
                        8: 0,
                        9: 0,
                        10: 0,
                        11: 0,
                        12: 0,
                        13: 0,
                        14: 0,
                        15: 0,
                        16: 0,
                        17: 0,
                        18: 0,
                        19: 0,
                        20: 0,
                        21: 0,
                        22: 0,
                        23: 0,
                        24: 0,
                        25: 0,
                        26: 0,
                        27: 0,
                        28: 0,
                        29: 0,
                        30: 0,
                        31: 0,
                        32: 0,
                        33: 0,
                        34: 0,
                        35: 0,
                        36: 0,
                        37: 0,
                        38: 0,
                        39: 0,
                        40: 0,
                        41: 0,
                        42: 0,
                        43: 0,
                        44: 0,
                        45: 0,
                        46: 0,
                        47: 0,
                        48: 0,
                        49: 0,
                        50: 0,
                        51: 0,
                        52: 0,
                        53: 0,
                        54: 0,
                        55: 0,
                        56: 0,
                        57: 0,
                        58: 0,
                        59: 0,
                        60: 0,
                        61: 0,
                        62: 0,
                        63: 0,
                        64: 0,
                        65: 0,
                        66: 0,
                        67: 0,
                        68: 0,
                        69: 0,
                        70: 0,
                        71: 0,
                        72: 0,
                        73: 0,
                        74: 0,
                        75: 0,
                        76: 0,
                        77: 0,
                        78: 0,
                        79: 0,
                        80: 0,
                        81: 0,
                        82: 0,
                        83: 0,
                        84: 0,
                        85: 0,
                        86: 0,
                        87: 0,
                        88: 0,
                        89: 0,
                        90: 0,
                        91: 0,
                        92: 0,
                        93: 0,
                        94: 0,
                        95: 0,
                        96: 0,
                        97: 0,
                        98: 0,
                        99: 0,
                        100: 0,
                        101: 0,
                        102: 0,
                        103: 0,
                        104: 0,
                        105: 0,
                        106: 0,
                        107: 0,
                        108: 0,
                        109: 0,
                        110: 0,
                        111: 0,
                        112: 0,
                        113: 0,
                        114: 0,
                        115: 0,
                        116: 0,
                        117: 0,
                        118: 0,
                        119: 0,
                        120: 0,
                        121: 0,
                        122: 0,
                        123: 0,
                        124: 0,
                        125: 0,
                        126: 0,
                        127: 0,
                        128: 0,
                        129: 0,
                        130: 0,
                        131: 0,
                        132: 0,
                        133: 0,
                        134: 0,
                        135: 0,
                        136: 0,
                        137: 0,
                        138: 0,
                        139: 0,
                        140: 0,
                        141: 0,
                        142: 0,
                        143: 0,
                        144: 0,
                        145: 0,
                        146: 0,
                        147: 0,
                        148: 0,
                        149: 0,
                        150: 0,
                        151: 0,
                        152: 0,
                        153: 0,
                        154: 0,
                        155: 0,
                        156: 0,
                        157: 0,
                        158: 0,
                        159: 0,
                        160: 0,
                        161: 0,
                        162: 0,
                        163: 0,
                        164: 0,
                        165: 0,
                        166: 0,
                        167: 0,
                        168: 0,
                        169: 0,
                        170: 0,
                        171: 0,
                        172: 0,
                        173: 0,
                        174: 0,
                        175: 0,
                        176: 0,
                        177: 0,
                        178: 0,
                        179: 0,
                        180: 0,
                        181: 0,
                        182: 0,
                        183: 0,
                        184: 0,
                        185: 0,
                        186: 0,
                        187: 0,
                        188: 0,
                        189: 0,
                        190: 0,
                        191: 0,
                        192: 0,
                        193: 0,
                        194: 0,
                        195: 0,
                        196: 0,
                        197: 0,
                        198: 0,
                        199: 0,
                        200: 0,
                        201: 0,
                        202: 0,
                        203: 0,
                        204: 0,
                        205: 0,
                        206: 0,
                        207: 0,
                        208: 0,
                        209: 0,
                        210: 0,
                        211: 0,
                        212: 0,
                        213: 0,
                        214: 0,
                        215: 0,
                        216: 0,
                        217: 0,
                        218: 0,
                        219: 0,
                        220: 0,
                        221: 0,
                        222: 0,
                        223: 0,
                        224: 0,
                        225: 0,
                        226: 0,
                        227: 0,
                        228: 0,
                        229: 0,
                        230: 0,
                        231: 0,
                        232: 0,
                        233: 0,
                        234: 0,
                        235: 0,
                        236: 0,
                        237: 0,
                        238: 0,
                        239: 0,
                        240: 0,
                        241: 0,
                        242: 0,
                        243: 0,
                        244: 0,
                        245: 0,
                        246: 0,
                        247: 0,
                        248: 0,
                        249: 0,
                        250: 0,
                        251: 0,
                        252: 0,
                        253: 0,
                        254: 0,
                        255: 0,
                        256: 0,
                        257: 0,
                        258: 0,
                        259: 0,
                        260: 0,
                        261: 0,
                        262: 0,
                        263: 0,
                        264: 0,
                        265: 0,
                        266: 0,
                        267: 0,
                        268: 0,
                        269: 0,
                        270: 0,
                        271: 0,
                        272: 0,
                        273: 0,
                        274: 0,
                        275: 0,
                        276: 0,
                        277: 0,
                        278: 0,
                        279: 0,
                        280: 0,
                        281: 0,
                        282: 0,
                        283: 0,
                        284: 0,
                        285: 0,
                        286: 0,
                        287: 0,
                        288: 0,
                        289: 0,
                        290: 0,
                        291: 0,
                        292: 0,
                        293: 0,
                        294: 0,
                        295: 0,
                        296: 0,
                        297: 0,
                        298: 0,
                        299: 0,
                        300: 0,
                        301: 0,
                        302: 0,
                        303: 0,
                        304: 0,
                        305: 0,
                        306: 0,
                        307: 0,
                        308: 0,
                        309: 0,
                        310: 0,
                        311: 0,
                        312: 0,
                        313: 0,
                        314: 0,
                        315: 0,
                        316: 0,
                        317: 0,
                        318: 0,
                        319: 0,
                        320: 0,
                        321: 0,
                        322: 0,
                        323: 0,
                        324: 0,
                        325: 0,
                        326: 0,
                        327: 0,
                        328: 0,
                        329: 0,
                        330: 0,
                        331: 0,
                        332: 0,
                        333: 0,
                        334: 0,
                        335: 0,
                        336: 0,
                        337: 0,
                        338: 0,
                        339: 0,
                        340: 0,
                        341: 0,
                        342: 0,
                        343: 0,
                        344: 0,
                        345: 0,
                        346: 0,
                        347: 0,
                        348: 0,
                        349: 0,
                        350: 0,
                        351: 0,
                        352: 0,
                        353: 0,
                        354: 0,
                        355: 0,
                        356: 0,
                        357: 0,
                        358: 0,
                        359: 0,
                        360: 0,
                        361: 0,
                        362: 0,
                        363: 0,
                        364: 0,
                        365: 0,
                        366: 0,
                        367: 0,
                        368: 0,
                        369: 0,
                        370: 0,
                        371: 0,
                        372: 0,
                        373: 0,
                        374: 0,
                        375: 0,
                        376: 0,
                        377: 0,
                        378: 0,
                        379: 0,
                        380: 0,
                        381: 0,
                        382: 0,
                        383: 0,
                        384: 0,
                        385: 0,
                        386: 0,
                        387: 0,
                        388: 0,
                        389: 0,
                        390: 0,
                        391: 0,
                        392: 0,
                        393: 0,
                        394: 0,
                        395: 0,
                        396: 0,
                        397: 0,
                        398: 0,
                        399: 0,
                        400: 0,
                        401: 0,
                        402: 0,
                        403: 0,
                        404: 0,
                        405: 0,
                        406: 0,
                        407: 0,
                        408: 0,
                        409: 0,
                        410: 0,
                        411: 0,
                        412: 0,
                        413: 0,
                        414: 0,
                        415: 0,
                        416: 0,
                        417: 0,
                        418: 0,
                        419: 0,
                        420: 0,
                        421: 0,
                        422: 0,
                        423: 0,
                        424: 0,
                        425: 0,
                        426: 0,
                        427: 0,
                        428: 0,
                        429: 0,
                        430: 0,
                        431: 0,
                        432: 0,
                        433: 0,
                        434: 0,
                        435: 0,
                        436: 0,
                        437: 0,
                        438: 0,
                        439: 0,
                        440: 0,
                        441: 0,
                        442: 0,
                        443: 0,
                        444: 0,
                        445: 0,
                        446: 0,
                        447: 0,
                        448: 0,
                        449: 0,
                        450: 0,
                        451: 0,
                        452: 0,
                        453: 0,
                        454: 0,
                        455: 0,
                        456: 0,
                        457: 0,
                        458: 0,
                        459: 0,
                        460: 0,
                        461: 0,
                        462: 0,
                        463: 0,
                        464: 0,
                        465: 0,
                        466: 0,
                        467: 0,
                        468: 0,
                        469: 0,
                        470: 0,
                        471: 0,
                        472: 0,
                        473: 0,
                        474: 0,
                        475: 0,
                        476: 0,
                        477: 0,
                        478: 0,
                        479: 0,
                        480: 0,
                        481: 0,
                        482: 0,
                        483: 0,
                        484: 0,
                        485: 0,
                        486: 0,
                        487: 0,
                        488: 0,
                        489: 0,
                        490: 0,
                        491: 0,
                        492: 0,
                        493: 0,
                        494: 0,
                        495: 0,
                        496: 0,
                        497: 0,
                        498: 0,
                        499: 0,
                        500: 0,
                        501: 0,
                        502: 0,
                        503: 0,
                        504: 0,
                        505: 0,
                        506: 0,
                        507: 0,
                        508: 0,
                        509: 0,
                        510: 0,
                        511: 0,
                        512: 0,
                        513: 0,
                        514: 0,
                        515: 0,
                        516: 0,
                        517: 0,
                        518: 0,
                        519: 0,
                        520: 0,
                        521: 0,
                        522: 0,
                        523: 0,
                        524: 0,
                        525: 0,
                        526: 0,
                        527: 0,
                        528: 0,
                        529: 0,
                        530: 0,
                        531: 0,
                        532: 0,
                        533: 0,
                        534: 0,
                        535: 0,
                        536: 0,
                        537: 0,
                        538: 0,
                        539: 0,
                        540: 0,
                        541: 0,
                        542: 0,
                        543: 0,
                        544: 0,
                        545: 0,
                        546: 0,
                        547: 0,
                        548: 0,
                        549: 0,
                        550: 0,
                        551: 0,
                        552: 0,
                        553: 0,
                        554: 0,
                        555: 0,
                        556: 0,
                        557: 0,
                        558: 0,
                        559: 0,
                        560: 0,
                        561: 0,
                        562: 0,
                        563: 0,
                        564: 0,
                        565: 0,
                        566: 0,
                        567: 0,
                        568: 0,
                        569: 0,
                        570: 0,
                        571: 0,
                        572: 0,
                        573: 0,
                        574: 0,
                        575: 0,
                        576: 0,
                        577: 0,
                        578: 0,
                        579: 0,
                        580: 0,
                        581: 0,
                        582: 0,
                        583: 0,
                        584: 0,
                        585: 0,
                        586: 0,
                        587: 0,
                        588: 0,
                        589: 0,
                        590: 0,
                        591: 0,
                        592: 0,
                        593: 0,
                        594: 0,
                        595: 0,
                        596: 0,
                        597: 0,
                        598: 0,
                        599: 0,
                        600: 0,
                        601: 0,
                        602: 0,
                        603: 0,
                        604: 0,
                        605: 0,
                        606: 0,
                        607: 0,
                        608: 0,
                        609: 0,
                        610: 0,
                        611: 0,
                        612: 0,
                        613: 0,
                        614: 0,
                        615: 0,
                        616: 0,
                        617: 0,
                        618: 0,
                        619: 0,
                        620: 0,
                        621: 0,
                        622: 0,
                        623: 0,
                        624: 0,
                        625: 0,
                        626: 0,
                        627: 0,
                        628: 0,
                        629: 0,
                        630: 0,
                        631: 0,
                        632: 0,
                        633: 0,
                        634: 0,
                        635: 0,
                        636: 0,
                        637: 0,
                        638: 0,
                        639: 0,
                        640: 0,
                        641: 0,
                        642: 0,
                        643: 0,
                        644: 0,
                        645: 0,
                        646: 0,
                        647: 0,
                        648: 0,
                        649: 0,
                        650: 0,
                        651: 0,
                        652: 0,
                        653: 0,
                        654: 0,
                        655: 0,
                        656: 0,
                        657: 0,
                        658: 0,
                        659: 0,
                        660: 0,
                        661: 0,
                        662: 0,
                        663: 0,
                        664: 0,
                        665: 0,
                        666: 0,
                        667: 0,
                        668: 0,
                        669: 0,
                        670: 0,
                        671: 0,
                        672: 0,
                        673: 0,
                        674: 0,
                        675: 0,
                        676: 0,
                        677: 0,
                        678: 0,
                        679: 0,
                        680: 0,
                        681: 0,
                        682: 0,
                        683: 0,
                        684: 0,
                        685: 0,
                        686: 0,
                        687: 0,
                        688: 0,
                        689: 0,
                        690: 0,
                        691: 0,
                        692: 0,
                        693: 0,
                        694: 0,
                        695: 0,
                        696: 0,
                        697: 0,
                        698: 0,
                        699: 0,
                        700: 0,
                        701: 0,
                        702: 0,
                        703: 0,
                        704: 0,
                        705: 0,
                        706: 0,
                        707: 0,
                        708: 0,
                        709: 0,
                        710: 0,
                        711: 0,
                        712: 0,
                        713: 0,
                        714: 0,
                        715: 0,
                        716: 0,
                        717: 0,
                        718: 0,
                        719: 0,
                        720: 0,
                    }
                }

                over "arm_l_joint6"
                {
                    float drive:angular:physics:targetPosition.timeSamples = {
                        0: 0,
                        1: 0,
                        2: 0,
                        3: 0,
                        4: 0,
                        5: 0,
                        6: 0,
                        7: 0,
                        8: 0,
                        9: 0,
                        10: 0,
                        11: 0,
                        12: 0,
                        13: 0,
                        14: 0,
                        15: 0,
                        16: 0,
                        17: 0,
                        18: 0,
                        19: 0,
                        20: 0,
                        21: 0,
                        22: 0,
                        23: 0,
                        24: 0,
                        25: 0,
                        26: 0,
                        27: 0,
                        28: 0,
                        29: 0,
                        30: 0,
                        31: 0,
                        32: 0,
                        33: 0,
                        34: 0,
                        35: 0,
                        36: 0,
                        37: 0,
                        38: 0,
                        39: 0,
                        40: 0,
                        41: 0,
                        42: 0,
                        43: 0,
                        44: 0,
                        45: 0,
                        46: 0,
                        47: 0,
                        48: 0,
                        49: 0,
                        50: 0,
                        51: 0,
                        52: 0,
                        53: 0,
                        54: 0,
                        55: 0,
                        56: 0,
                        57: 0,
                        58: 0,
                        59: 0,
                        60: 0,
                        61: 0,
                        62: 0,
                        63: 0,
                        64: 0,
                        65: 0,
                        66: 0,
                        67: 0,
                        68: 0,
                        69: 0,
                        70: 0,
                        71: 0,
                        72: 0,
                        73: 0,
                        74: 0,
                        75: 0,
                        76: 0,
                        77: 0,
                        78: 0,
                        79: 0,
                        80: 0,
                        81: 0,
                        82: 0,
                        83: 0,
                        84: 0,
                        85: 0,
                        86: 0,
                        87: 0,
                        88: 0,
                        89: 0,
                        90: 0,
                        91: 0,
                        92: 0,
                        93: 0,
                        94: 0,
                        95: 0,
                        96: 0,
                        97: 0,
                        98: 0,
                        99: 0,
                        100: 0,
                        101: 0,
                        102: 0,
                        103: 0,
                        104: 0,
                        105: 0,
                        106: 0,
                        107: 0,
                        108: 0,
                        109: 0,
                        110: 0,
                        111: 0,
                        112: 0,
                        113: 0,
                        114: 0,
                        115: 0,
                        116: 0,
                        117: 0,
                        118: 0,
                        119: 0,
                        120: 0,
                        121: 0,
                        122: 0,
                        123: 0,
                        124: 0,
                        125: 0,
                        126: 0,
                        127: 0,
                        128: 0,
                        129: 0,
                        130: 0,
                        131: 0,
                        132: 0,
                        133: 0,
                        134: 0,
                        135: 0,
                        136: 0,
                        137: 0,
                        138: 0,
                        139: 0,
                        140: 0,
                        141: 0,
                        142: 0,
                        143: 0,
                        144: 0,
                        145: 0,
                        146: 0,
                        147: 0,
                        148: 0,
                        149: 0,
                        150: 0,
                        151: 0,
                        152: 0,
                        153: 0,
                        154: 0,
                        155: 0,
                        156: 0,
                        157: 0,
                        158: 0,
                        159: 0,
                        160: 0,
                        161: 0,
                        162: 0,
                        163: 0,
                        164: 0,
                        165: 0,
                        166: 0,
                        167: 0,
                        168: 0,
                        169: 0,
                        170: 0,
                        171: 0,
                        172: 0,
                        173: 0,
                        174: 0,
                        175: 0,
                        176: 0,
                        177: 0,
                        178: 0,
                        179: 0,
                        180: 0,
                        181: 0,
                        182: 0,
                        183: 0,
                        184: 0,
                        185: 0,
                        186: 0,
                        187: 0,
                        188: 0,
                        189: 0,
                        190: 0,
                        191: 0,
                        192: 0,
                        193: 0,
                        194: 0,
                        195: 0,
                        196: 0,
                        197: 0,
                        198: 0,
                        199: 0,
                        200: 0,
                        201: 0,
                        202: 0,
                        203: 0,
                        204: 0,
                        205: 0,
                        206: 0,
                        207: 0,
                        208: 0,
                        209: 0,
                        210: 0,
                        211: 0,
                        212: 0,
                        213: 0,
                        214: 0,
                        215: 0,
                        216: 0,
                        217: 0,
                        218: 0,
                        219: 0,
                        220: 0,
                        221: 0,
                        222: 0,
                        223: 0,
                        224: 0,
                        225: 0,
                        226: 0,
                        227: 0,
                        228: 0,
                        229: 0,
                        230: 0,
                        231: 0,
                        232: 0,
                        233: 0,
                        234: 0,
                        235: 0,
                        236: 0,
                        237: 0,
                        238: 0,
                        239: 0,
                        240: 0,
                        241: 0,
                        242: 0,
                        243: 0,
                        244: 0,
                        245: 0,
                        246: 0,
                        247: 0,
                        248: 0,
                        249: 0,
                        250: 0,
                        251: 0,
                        252: 0,
                        253: 0,
                        254: 0,
                        255: 0,
                        256: 0,
                        257: 0,
                        258: 0,
                        259: 0,
                        260: 0,
                        261: 0,
                        262: 0,
                        263: 0,
                        264: 0,
                        265: 0,
                        266: 0,
                        267: 0,
                        268: 0,
                        269: 0,
                        270: 0,
                        271: 0,
                        272: 0,
                        273: 0,
                        274: 0,
                        275: 0,
                        276: 0,
                        277: 0,
                        278: 0,
                        279: 0,
                        280: 0,
                        281: 0,
                        282: 0,
                        283: 0,
                        284: 0,
                        285: 0,
                        286: 0,
                        287: 0,
                        288: 0,
                        289: 0,
                        290: 0,
                        291: 0,
                        292: 0,
                        293: 0,
                        294: 0,
                        295: 0,
                        296: 0,
                        297: 0,
                        298: 0,
                        299: 0,
                        300: 0,
                        301: 0,
                        302: 0,
                        303: 0,
                        304: 0,
                        305: 0,
                        306: 0,
                        307: 0,
                        308: 0,
                        309: 0,
                        310: 0,
                        311: 0,
                        312: 0,
                        313: 0,
                        314: 0,
                        315: 0,
                        316: 0,
                        317: 0,
                        318: 0,
                        319: 0,
                        320: 0,
                        321: 0,
                        322: 0,
                        323: 0,
                        324: 0,
                        325: 0,
                        326: 0,
                        327: 0,
                        328: 0,
                        329: 0,
                        330: 0,
                        331: 0,
                        332: 0,
                        333: 0,
                        334: 0,
                        335: 0,
                        336: 0,
                        337: 0,
                        338: 0,
                        339: 0,
                        340: 0,
                        341: 0,
                        342: 0,
                        343: 0,
                        344: 0,
                        345: 0,
                        346: 0,
                        347: 0,
                        348: 0,
                        349: 0,
                        350: 0,
                        351: 0,
                        352: 0,
                        353: 0,
                        354: 0,
                        355: 0,
                        356: 0,
                        357: 0,
                        358: 0,
                        359: 0,
                        360: 0,
                        361: 0,
                        362: 0,
                        363: 0,
                        364: 0,
                        365: 0,
                        366: 0,
                        367: 0,
                        368: 0,
                        369: 0,
                        370: 0,
                        371: 0,
                        372: 0,
                        373: 0,
                        374: 0,
                        375: 0,
                        376: 0,
                        377: 0,
                        378: 0,
                        379: 0,
                        380: 0,
                        381: 0,
                        382: 0,
                        383: 0,
                        384: 0,
                        385: 0,
                        386: 0,
                        387: 0,
                        388: 0,
                        389: 0,
                        390: 0,
                        391: 0,
                        392: 0,
                        393: 0,
                        394: 0,
                        395: 0,
                        396: 0,
                        397: 0,
                        398: 0,
                        399: 0,
                        400: 0,
                        401: 0,
                        402: 0,
                        403: 0,
                        404: 0,
                        405: 0,
                        406: 0,
                        407: 0,
                        408: 0,
                        409: 0,
                        410: 0,
                        411: 0,
                        412: 0,
                        413: 0,
                        414: 0,
                        415: 0,
                        416: 0,
                        417: 0,
                        418: 0,
                        419: 0,
                        420: 0,
                        421: 0,
                        422: 0,
                        423: 0,
                        424: 0,
                        425: 0,
                        426: 0,
                        427: 0,
                        428: 0,
                        429: 0,
                        430: 0,
                        431: 0,
                        432: 0,
                        433: 0,
                        434: 0,
                        435: 0,
                        436: 0,
                        437: 0,
                        438: 0,
                        439: 0,
                        440: 0,
                        441: 0,
                        442: 0,
                        443: 0,
                        444: 0,
                        445: 0,
                        446: 0,
                        447: 0,
                        448: 0,
                        449: 0,
                        450: 0,
                        451: 0,
                        452: 0,
                        453: 0,
                        454: 0,
                        455: 0,
                        456: 0,
                        457: 0,
                        458: 0,
                        459: 0,
                        460: 0,
                        461: 0,
                        462: 0,
                        463: 0,
                        464: 0,
                        465: 0,
                        466: 0,
                        467: 0,
                        468: 0,
                        469: 0,
                        470: 0,
                        471: 0,
                        472: 0,
                        473: 0,
                        474: 0,
                        475: 0,
                        476: 0,
                        477: 0,
                        478: 0,
                        479: 0,
                        480: 0,
                        481: 0,
                        482: 0,
                        483: 0,
                        484: 0,
                        485: 0,
                        486: 0,
                        487: 0,
                        488: 0,
                        489: 0,
                        490: 0,
                        491: 0,
                        492: 0,
                        493: 0,
                        494: 0,
                        495: 0,
                        496: 0,
                        497: 0,
                        498: 0,
                        499: 0,
                        500: 0,
                        501: 0,
                        502: 0,
                        503: 0,
                        504: 0,
                        505: 0,
                        506: 0,
                        507: 0,
                        508: 0,
                        509: 0,
                        510: 0,
                        511: 0,
                        512: 0,
                        513: 0,
                        514: 0,
                        515: 0,
                        516: 0,
                        517: 0,
                        518: 0,
                        519: 0,
                        520: 0,
                        521: 0,
                        522: 0,
                        523: 0,
                        524: 0,
                        525: 0,
                        526: 0,
                        527: 0,
                        528: 0,
                        529: 0,
                        530: 0,
                        531: 0,
                        532: 0,
                        533: 0,
                        534: 0,
                        535: 0,
                        536: 0,
                        537: 0,
                        538: 0,
                        539: 0,
                        540: 0,
                        541: 0,
                        542: 0,
                        543: 0,
                        544: 0,
                        545: 0,
                        546: 0,
                        547: 0,
                        548: 0,
                        549: 0,
                        550: 0,
                        551: 0,
                        552: 0,
                        553: 0,
                        554: 0,
                        555: 0,
                        556: 0,
                        557: 0,
                        558: 0,
                        559: 0,
                        560: 0,
                        561: 0,
                        562: 0,
                        563: 0,
                        564: 0,
                        565: 0,
                        566: 0,
                        567: 0,
                        568: 0,
                        569: 0,
                        570: 0,
                        571: 0,
                        572: 0,
                        573: 0,
                        574: 0,
                        575: 0,
                        576: 0,
                        577: 0,
                        578: 0,
                        579: 0,
                        580: 0,
                        581: 0,
                        582: 0,
                        583: 0,
                        584: 0,
                        585: 0,
                        586: 0,
                        587: 0,
                        588: 0,
                        589: 0,
                        590: 0,
                        591: 0,
                        592: 0,
                        593: 0,
                        594: 0,
                        595: 0,
                        596: 0,
                        597: 0,
                        598: 0,
                        599: 0,
                        600: 0,
                        601: 0,
                        602: 0,
                        603: 0,
                        604: 0,
                        605: 0,
                        606: 0,
                        607: 0,
                        608: 0,
                        609: 0,
                        610: 0,
                        611: 0,
                        612: 0,
                        613: 0,
                        614: 0,
                        615: 0,
                        616: 0,
                        617: 0,
                        618: 0,
                        619: 0,
                        620: 0,
                        621: 0,
                        622: 0,
                        623: 0,
                        624: 0,
                        625: 0,
                        626: 0,
                        627: 0,
                        628: 0,
                        629: 0,
                        630: 0,
                        631: 0,
                        632: 0,
                        633: 0,
                        634: 0,
                        635: 0,
                        636: 0,
                        637: 0,
                        638: 0,
                        639: 0,
                        640: 0,
                        641: 0,
                        642: 0,
                        643: 0,
                        644: 0,
                        645: 0,
                        646: 0,
                        647: 0,
                        648: 0,
                        649: 0,
                        650: 0,
                        651: 0,
                        652: 0,
                        653: 0,
                        654: 0,
                        655: 0,
                        656: 0,
                        657: 0,
                        658: 0,
                        659: 0,
                        660: 0,
                        661: 0,
                        662: 0,
                        663: 0,
                        664: 0,
                        665: 0,
                        666: 0,
                        667: 0,
                        668: 0,
                        669: 0,
                        670: 0,
                        671: 0,
                        672: 0,
                        673: 0,
                        674: 0,
                        675: 0,
                        676: 0,
                        677: 0,
                        678: 0,
                        679: 0,
                        680: 0,
                        681: 0,
                        682: 0,
                        683: 0,
                        684: 0,
                        685: 0,
                        686: 0,
                        687: 0,
                        688: 0,
                        689: 0,
                        690: 0,
                        691: 0,
                        692: 0,
                        693: 0,
                        694: 0,
                        695: 0,
                        696: 0,
                        697: 0,
                        698: 0,
                        699: 0,
                        700: 0,
                        701: 0,
                        702: 0,
                        703: 0,
                        704: 0,
                        705: 0,
                        706: 0,
                        707: 0,
                        708: 0,
                        709: 0,
                        710: 0,
                        711: 0,
                        712: 0,
                        713: 0,
                        714: 0,
                        715: 0,
                        716: 0,
                        717: 0,
                        718: 0,
                        719: 0,
                        720: 0,
                    }
                }

                over "arm_l_joint7"
                {
                    float drive:angular:physics:targetPosition.timeSamples = {
                        0: 0,
                        1: 0,
                        2: 0,
                        3: 0,
                        4: 0,
                        5: 0,
                        6: 0,
                        7: 0,
                        8: 0,
                        9: 0,
                        10: 0,
                        11: 0,
                        12: 0,
                        13: 0,
                        14: 0,
                        15: 0,
                        16: 0,
                        17: 0,
                        18: 0,
                        19: 0,
                        20: 0,
                        21: 0,
                        22: 0,
                        23: 0,
                        24: 0,
                        25: 0,
                        26: 0,
                        27: 0,
                        28: 0,
                        29: 0,
                        30: 0,
                        31: 0,
                        32: 0,
                        33: 0,
                        34: 0,
                        35: 0,
                        36: 0,
                        37: 0,
                        38: 0,
                        39: 0,
                        40: 0,
                        41: 0,
                        42: 0,
                        43: 0,
                        44: 0,
                        45: 0,
                        46: 0,
                        47: 0,
                        48: 0,
                        49: 0,
                        50: 0,
                        51: 0,
                        52: 0,
                        53: 0,
                        54: 0,
                        55: 0,
                        56: 0,
                        57: 0,
                        58: 0,
                        59: 0,
                        60: 0,
                        61: 0,
                        62: 0,
                        63: 0,
                        64: 0,
                        65: 0,
                        66: 0,
                        67: 0,
                        68: 0,
                        69: 0,
                        70: 0,
                        71: 0,
                        72: 0,
                        73: 0,
                        74: 0,
                        75: 0,
                        76: 0,
                        77: 0,
                        78: 0,
                        79: 0,
                        80: 0,
                        81: 0,
                        82: 0,
                        83: 0,
                        84: 0,
                        85: 0,
                        86: 0,
                        87: 0,
                        88: 0,
                        89: 0,
                        90: 0,
                        91: 0,
                        92: 0,
                        93: 0,
                        94: 0,
                        95: 0,
                        96: 0,
                        97: 0,
                        98: 0,
                        99: 0,
                        100: 0,
                        101: 0,
                        102: 0,
                        103: 0,
                        104: 0,
                        105: 0,
                        106: 0,
                        107: 0,
                        108: 0,
                        109: 0,
                        110: 0,
                        111: 0,
                        112: 0,
                        113: 0,
                        114: 0,
                        115: 0,
                        116: 0,
                        117: 0,
                        118: 0,
                        119: 0,
                        120: 0,
                        121: 0,
                        122: 0,
                        123: 0,
                        124: 0,
                        125: 0,
                        126: 0,
                        127: 0,
                        128: 0,
                        129: 0,
                        130: 0,
                        131: 0,
                        132: 0,
                        133: 0,
                        134: 0,
                        135: 0,
                        136: 0,
                        137: 0,
                        138: 0,
                        139: 0,
                        140: 0,
                        141: 0,
                        142: 0,
                        143: 0,
                        144: 0,
                        145: 0,
                        146: 0,
                        147: 0,
                        148: 0,
                        149: 0,
                        150: 0,
                        151: 0,
                        152: 0,
                        153: 0,
                        154: 0,
                        155: 0,
                        156: 0,
                        157: 0,
                        158: 0,
                        159: 0,
                        160: 0,
                        161: 0,
                        162: 0,
                        163: 0,
                        164: 0,
                        165: 0,
                        166: 0,
                        167: 0,
                        168: 0,
                        169: 0,
                        170: 0,
                        171: 0,
                        172: 0,
                        173: 0,
                        174: 0,
                        175: 0,
                        176: 0,
                        177: 0,
                        178: 0,
                        179: 0,
                        180: 0,
                        181: 0,
                        182: 0,
                        183: 0,
                        184: 0,
                        185: 0,
                        186: 0,
                        187: 0,
                        188: 0,
                        189: 0,
                        190: 0,
                        191: 0,
                        192: 0,
                        193: 0,
                        194: 0,
                        195: 0,
                        196: 0,
                        197: 0,
                        198: 0,
                        199: 0,
                        200: 0,
                        201: 0,
                        202: 0,
                        203: 0,
                        204: 0,
                        205: 0,
                        206: 0,
                        207: 0,
                        208: 0,
                        209: 0,
                        210: 0,
                        211: 0,
                        212: 0,
                        213: 0,
                        214: 0,
                        215: 0,
                        216: 0,
                        217: 0,
                        218: 0,
                        219: 0,
                        220: 0,
                        221: 0,
                        222: 0,
                        223: 0,
                        224: 0,
                        225: 0,
                        226: 0,
                        227: 0,
                        228: 0,
                        229: 0,
                        230: 0,
                        231: 0,
                        232: 0,
                        233: 0,
                        234: 0,
                        235: 0,
                        236: 0,
                        237: 0,
                        238: 0,
                        239: 0,
                        240: 0,
                        241: 0,
                        242: 0,
                        243: 0,
                        244: 0,
                        245: 0,
                        246: 0,
                        247: 0,
                        248: 0,
                        249: 0,
                        250: 0,
                        251: 0,
                        252: 0,
                        253: 0,
                        254: 0,
                        255: 0,
                        256: 0,
                        257: 0,
                        258: 0,
                        259: 0,
                        260: 0,
                        261: 0,
                        262: 0,
                        263: 0,
                        264: 0,
                        265: 0,
                        266: 0,
                        267: 0,
                        268: 0,
                        269: 0,
                        270: 0,
                        271: 0,
                        272: 0,
                        273: 0,
                        274: 0,
                        275: 0,
                        276: 0,
                        277: 0,
                        278: 0,
                        279: 0,
                        280: 0,
                        281: 0,
                        282: 0,
                        283: 0,
                        284: 0,
                        285: 0,
                        286: 0,
                        287: 0,
                        288: 0,
                        289: 0,
                        290: 0,
                        291: 0,
                        292: 0,
                        293: 0,
                        294: 0,
                        295: 0,
                        296: 0,
                        297: 0,
                        298: 0,
                        299: 0,
                        300: 0,
                        301: 0,
                        302: 0,
                        303: 0,
                        304: 0,
                        305: 0,
                        306: 0,
                        307: 0,
                        308: 0,
                        309: 0,
                        310: 0,
                        311: 0,
                        312: 0,
                        313: 0,
                        314: 0,
                        315: 0,
                        316: 0,
                        317: 0,
                        318: 0,
                        319: 0,
                        320: 0,
                        321: 0,
                        322: 0,
                        323: 0,
                        324: 0,
                        325: 0,
                        326: 0,
                        327: 0,
                        328: 0,
                        329: 0,
                        330: 0,
                        331: 0,
                        332: 0,
                        333: 0,
                        334: 0,
                        335: 0,
                        336: 0,
                        337: 0,
                        338: 0,
                        339: 0,
                        340: 0,
                        341: 0,
                        342: 0,
                        343: 0,
                        344: 0,
                        345: 0,
                        346: 0,
                        347: 0,
                        348: 0,
                        349: 0,
                        350: 0,
                        351: 0,
                        352: 0,
                        353: 0,
                        354: 0,
                        355: 0,
                        356: 0,
                        357: 0,
                        358: 0,
                        359: 0,
                        360: 0,
                        361: 0,
                        362: 0,
                        363: 0,
                        364: 0,
                        365: 0,
                        366: 0,
                        367: 0,
                        368: 0,
                        369: 0,
                        370: 0,
                        371: 0,
                        372: 0,
                        373: 0,
                        374: 0,
                        375: 0,
                        376: 0,
                        377: 0,
                        378: 0,
                        379: 0,
                        380: 0,
                        381: 0,
                        382: 0,
                        383: 0,
                        384: 0,
                        385: 0,
                        386: 0,
                        387: 0,
                        388: 0,
                        389: 0,
                        390: 0,
                        391: 0,
                        392: 0,
                        393: 0,
                        394: 0,
                        395: 0,
                        396: 0,
                        397: 0,
                        398: 0,
                        399: 0,
                        400: 0,
                        401: 0,
                        402: 0,
                        403: 0,
                        404: 0,
                        405: 0,
                        406: 0,
                        407: 0,
                        408: 0,
                        409: 0,
                        410: 0,
                        411: 0,
                        412: 0,
                        413: 0,
                        414: 0,
                        415: 0,
                        416: 0,
                        417: 0,
                        418: 0,
                        419: 0,
                        420: 0,
                        421: 0,
                        422: 0,
                        423: 0,
                        424: 0,
                        425: 0,
                        426: 0,
                        427: 0,
                        428: 0,
                        429: 0,
                        430: 0,
                        431: 0,
                        432: 0,
                        433: 0,
                        434: 0,
                        435: 0,
                        436: 0,
                        437: 0,
                        438: 0,
                        439: 0,
                        440: 0,
                        441: 0,
                        442: 0,
                        443: 0,
                        444: 0,
                        445: 0,
                        446: 0,
                        447: 0,
                        448: 0,
                        449: 0,
                        450: 0,
                        451: 0,
                        452: 0,
                        453: 0,
                        454: 0,
                        455: 0,
                        456: 0,
                        457: 0,
                        458: 0,
                        459: 0,
                        460: 0,
                        461: 0,
                        462: 0,
                        463: 0,
                        464: 0,
                        465: 0,
                        466: 0,
                        467: 0,
                        468: 0,
                        469: 0,
                        470: 0,
                        471: 0,
                        472: 0,
                        473: 0,
                        474: 0,
                        475: 0,
                        476: 0,
                        477: 0,
                        478: 0,
                        479: 0,
                        480: 0,
                        481: 0,
                        482: 0,
                        483: 0,
                        484: 0,
                        485: 0,
                        486: 0,
                        487: 0,
                        488: 0,
                        489: 0,
                        490: 0,
                        491: 0,
                        492: 0,
                        493: 0,
                        494: 0,
                        495: 0,
                        496: 0,
                        497: 0,
                        498: 0,
                        499: 0,
                        500: 0,
                        501: 0,
                        502: 0,
                        503: 0,
                        504: 0,
                        505: 0,
                        506: 0,
                        507: 0,
                        508: 0,
                        509: 0,
                        510: 0,
                        511: 0,
                        512: 0,
                        513: 0,
                        514: 0,
                        515: 0,
                        516: 0,
                        517: 0,
                        518: 0,
                        519: 0,
                        520: 0,
                        521: 0,
                        522: 0,
                        523: 0,
                        524: 0,
                        525: 0,
                        526: 0,
                        527: 0,
                        528: 0,
                        529: 0,
                        530: 0,
                        531: 0,
                        532: 0,
                        533: 0,
                        534: 0,
                        535: 0,
                        536: 0,
                        537: 0,
                        538: 0,
                        539: 0,
                        540: 0,
                        541: 0,
                        542: 0,
                        543: 0,
                        544: 0,
                        545: 0,
                        546: 0,
                        547: 0,
                        548: 0,
                        549: 0,
                        550: 0,
                        551: 0,
                        552: 0,
                        553: 0,
                        554: 0,
                        555: 0,
                        556: 0,
                        557: 0,
                        558: 0,
                        559: 0,
                        560: 0,
                        561: 0,
                        562: 0,
                        563: 0,
                        564: 0,
                        565: 0,
                        566: 0,
                        567: 0,
                        568: 0,
                        569: 0,
                        570: 0,
                        571: 0,
                        572: 0,
                        573: 0,
                        574: 0,
                        575: 0,
                        576: 0,
                        577: 0,
                        578: 0,
                        579: 0,
                        580: 0,
                        581: 0,
                        582: 0,
                        583: 0,
                        584: 0,
                        585: 0,
                        586: 0,
                        587: 0,
                        588: 0,
                        589: 0,
                        590: 0,
                        591: 0,
                        592: 0,
                        593: 0,
                        594: 0,
                        595: 0,
                        596: 0,
                        597: 0,
                        598: 0,
                        599: 0,
                        600: 0,
                        601: 0,
                        602: 0,
                        603: 0,
                        604: 0,
                        605: 0,
                        606: 0,
                        607: 0,
                        608: 0,
                        609: 0,
                        610: 0,
                        611: 0,
                        612: 0,
                        613: 0,
                        614: 0,
                        615: 0,
                        616: 0,
                        617: 0,
                        618: 0,
                        619: 0,
                        620: 0,
                        621: 0,
                        622: 0,
                        623: 0,
                        624: 0,
                        625: 0,
                        626: 0,
                        627: 0,
                        628: 0,
                        629: 0,
                        630: 0,
                        631: 0,
                        632: 0,
                        633: 0,
                        634: 0,
                        635: 0,
                        636: 0,
                        637: 0,
                        638: 0,
                        639: 0,
                        640: 0,
                        641: 0,
                        642: 0,
                        643: 0,
                        644: 0,
                        645: 0,
                        646: 0,
                        647: 0,
                        648: 0,
                        649: 0,
                        650: 0,
                        651: 0,
                        652: 0,
                        653: 0,
                        654: 0,
                        655: 0,
                        656: 0,
                        657: 0,
                        658: 0,
                        659: 0,
                        660: 0,
                        661: 0,
                        662: 0,
                        663: 0,
                        664: 0,
                        665: 0,
                        666: 0,
                        667: 0,
                        668: 0,
                        669: 0,
                        670: 0,
                        671: 0,
                        672: 0,
                        673: 0,
                        674: 0,
                        675: 0,
                        676: 0,
                        677: 0,
                        678: 0,
                        679: 0,
                        680: 0,
                        681: 0,
                        682: 0,
                        683: 0,
                        684: 0,
                        685: 0,
                        686: 0,
                        687: 0,
                        688: 0,
                        689: 0,
                        690: 0,
                        691: 0,
                        692: 0,
                        693: 0,
                        694: 0,
                        695: 0,
                        696: 0,
                        697: 0,
                        698: 0,
                        699: 0,
                        700: 0,
                        701: 0,
                        702: 0,
                        703: 0,
                        704: 0,
                        705: 0,
                        706: 0,
                        707: 0,
                        708: 0,
                        709: 0,
                        710: 0,
                        711: 0,
                        712: 0,
                        713: 0,
                        714: 0,
                        715: 0,
                        716: 0,
                        717: 0,
                        718: 0,
                        719: 0,
                        720: 0,
                    }
                }

                over "gripper_l_joint1"
                {
                    float drive:angular:physics:targetPosition.timeSamples = {
                        0: 0,
                        1: 0,
                        2: 0,
                        3: 0,
                        4: 0,
                        5: 0,
                        6: 0,
                        7: 0,
                        8: 0,
                        9: 0,
                        10: 0,
                        11: 0,
                        12: 0,
                        13: 0,
                        14: 0,
                        15: 0,
                        16: 0,
                        17: 0,
                        18: 0,
                        19: 0,
                        20: 0,
                        21: 0,
                        22: 0,
                        23: 0,
                        24: 0,
                        25: 0,
                        26: 0,
                        27: 0,
                        28: 0,
                        29: 0,
                        30: 0,
                        31: 0,
                        32: 0,
                        33: 0,
                        34: 0,
                        35: 0,
                        36: 0,
                        37: 0,
                        38: 0,
                        39: 0,
                        40: 0,
                        41: 0,
                        42: 0,
                        43: 0,
                        44: 0,
                        45: 0,
                        46: 0,
                        47: 0,
                        48: 0,
                        49: 0,
                        50: 0,
                        51: 0,
                        52: 0,
                        53: 0,
                        54: 0,
                        55: 0,
                        56: 0,
                        57: 0,
                        58: 0,
                        59: 0,
                        60: 0,
                        61: 0,
                        62: 0,
                        63: 0,
                        64: 0,
                        65: 0,
                        66: 0,
                        67: 0,
                        68: 0,
                        69: 0,
                        70: 0,
                        71: 0,
                        72: 0,
                        73: 0,
                        74: 0,
                        75: 0,
                        76: 0,
                        77: 0,
                        78: 0,
                        79: 0,
                        80: 0,
                        81: 0,
                        82: 0,
                        83: 0,
                        84: 0,
                        85: 0,
                        86: 0,
                        87: 0,
                        88: 0,
                        89: 0,
                        90: 0,
                        91: 0,
                        92: 0,
                        93: 0,
                        94: 0,
                        95: 0,
                        96: 0,
                        97: 0,
                        98: 0,
                        99: 0,
                        100: 0,
                        101: 0,
                        102: 0,
                        103: 0,
                        104: 0,
                        105: 0,
                        106: 0,
                        107: 0,
                        108: 0,
                        109: 0,
                        110: 0,
                        111: 0,
                        112: 0,
                        113: 0,
                        114: 0,
                        115: 0,
                        116: 0,
                        117: 0,
                        118: 0,
                        119: 0,
                        120: 0,
                        121: 0,
                        122: 0,
                        123: 0,
                        124: 0,
                        125: 0,
                        126: 0,
                        127: 0,
                        128: 0,
                        129: 0,
                        130: 0,
                        131: 0,
                        132: 0,
                        133: 0,
                        134: 0,
                        135: 0,
                        136: 0,
                        137: 0,
                        138: 0,
                        139: 0,
                        140: 0,
                        141: 0,
                        142: 0,
                        143: 0,
                        144: 0,
                        145: 0,
                        146: 0,
                        147: 0,
                        148: 0,
                        149: 0,
                        150: 0,
                        151: 0,
                        152: 0,
                        153: 0,
                        154: 0,
                        155: 0,
                        156: 0,
                        157: 0,
                        158: 0,
                        159: 0,
                        160: 0,
                        161: 0,
                        162: 0,
                        163: 0,
                        164: 0,
                        165: 0,
                        166: 0,
                        167: 0,
                        168: 0,
                        169: 0,
                        170: 0,
                        171: 0,
                        172: 0,
                        173: 0,
                        174: 0,
                        175: 0,
                        176: 0,
                        177: 0,
                        178: 0,
                        179: 0,
                        180: 0,
                        181: 0,
                        182: 0,
                        183: 0,
                        184: 0,
                        185: 0,
                        186: 0,
                        187: 0,
                        188: 0,
                        189: 0,
                        190: 0,
                        191: 0,
                        192: 0,
                        193: 0,
                        194: 0,
                        195: 0,
                        196: 0,
                        197: 0,
                        198: 0,
                        199: 0,
                        200: 0,
                        201: 0,
                        202: 0,
                        203: 0,
                        204: 0,
                        205: 0,
                        206: 0,
                        207: 0,
                        208: 0,
                        209: 0,
                        210: 0,
                        211: 0,
                        212: 0,
                        213: 0,
                        214: 0,
                        215: 0,
                        216: 0,
                        217: 0,
                        218: 0,
                        219: 0,
                        220: 0,
                        221: 0,
                        222: 0,
                        223: 0,
                        224: 0,
                        225: 0,
                        226: 0,
                        227: 0,
                        228: 0,
                        229: 0,
                        230: 0,
                        231: 0,
                        232: 0,
                        233: 0,
                        234: 0,
                        235: 0,
                        236: 0,
                        237: 0,
                        238: 0,
                        239: 0,
                        240: 0,
                        241: 0,
                        242: 0,
                        243: 0,
                        244: 0,
                        245: 0,
                        246: 0,
                        247: 0,
                        248: 0,
                        249: 0,
                        250: 0,
                        251: 0,
                        252: 0,
                        253: 0,
                        254: 0,
                        255: 0,
                        256: 0,
                        257: 0,
                        258: 0,
                        259: 0,
                        260: 0,
                        261: 0,
                        262: 0,
                        263: 0,
                        264: 0,
                        265: 0,
                        266: 0,
                        267: 0,
                        268: 0,
                        269: 0,
                        270: 0,
                        271: 0,
                        272: 0,
                        273: 0,
                        274: 0,
                        275: 0,
                        276: 0,
                        277: 0,
                        278: 0,
                        279: 0,
                        280: 0,
                        281: 0,
                        282: 0,
                        283: 0,
                        284: 0,
                        285: 0,
                        286: 0,
                        287: 0,
                        288: 0,
                        289: 0,
                        290: 0,
                        291: 0,
                        292: 0,
                        293: 0,
                        294: 0,
                        295: 0,
                        296: 0,
                        297: 0,
                        298: 0,
                        299: 0,
                        300: 0,
                        301: 0,
                        302: 0,
                        303: 0,
                        304: 0,
                        305: 0,
                        306: 0,
                        307: 0,
                        308: 0,
                        309: 0,
                        310: 0,
                        311: 0,
                        312: 0,
                        313: 0,
                        314: 0,
                        315: 0,
                        316: 0,
                        317: 0,
                        318: 0,
                        319: 0,
                        320: 0,
                        321: 0,
                        322: 0,
                        323: 0,
                        324: 0,
                        325: 0,
                        326: 0,
                        327: 0,
                        328: 0,
                        329: 0,
                        330: 0,
                        331: 0,
                        332: 0,
                        333: 0,
                        334: 0,
                        335: 0,
                        336: 0,
                        337: 0,
                        338: 0,
                        339: 0,
                        340: 0,
                        341: 0,
                        342: 0,
                        343: 0,
                        344: 0,
                        345: 0,
                        346: 0,
                        347: 0,
                        348: 0,
                        349: 0,
                        350: 0,
                        351: 0,
                        352: 0,
                        353: 0,
                        354: 0,
                        355: 0,
                        356: 0,
                        357: 0,
                        358: 0,
                        359: 0,
                        360: 0,
                        361: 0,
                        362: 0,
                        363: 0,
                        364: 0,
                        365: 0,
                        366: 0,
                        367: 0,
                        368: 0,
                        369: 0,
                        370: 0,
                        371: 0,
                        372: 0,
                        373: 0,
                        374: 0,
                        375: 0,
                        376: 0,
                        377: 0,
                        378: 0,
                        379: 0,
                        380: 0,
                        381: 0,
                        382: 0,
                        383: 0,
                        384: 0,
                        385: 0,
                        386: 0,
                        387: 0,
                        388: 0,
                        389: 0,
                        390: 0,
                        391: 0,
                        392: 0,
                        393: 0,
                        394: 0,
                        395: 0,
                        396: 0,
                        397: 0,
                        398: 0,
                        399: 0,
                        400: 0,
                        401: 0,
                        402: 0,
                        403: 0,
                        404: 0,
                        405: 0,
                        406: 0,
                        407: 0,
                        408: 0,
                        409: 0,
                        410: 0,
                        411: 0,
                        412: 0,
                        413: 0,
                        414: 0,
                        415: 0,
                        416: 0,
                        417: 0,
                        418: 0,
                        419: 0,
                        420: 0,
                        421: 0,
                        422: 0,
                        423: 0,
                        424: 0,
                        425: 0,
                        426: 0,
                        427: 0,
                        428: 0,
                        429: 0,
                        430: 0,
                        431: 0,
                        432: 0,
                        433: 0,
                        434: 0,
                        435: 0,
                        436: 0,
                        437: 0,
                        438: 0,
                        439: 0,
                        440: 0,
                        441: 0,
                        442: 0,
                        443: 0,
                        444: 0,
                        445: 0,
                        446: 0,
                        447: 0,
                        448: 0,
                        449: 0,
                        450: 0,
                        451: 0,
                        452: 0,
                        453: 0,
                        454: 0,
                        455: 0,
                        456: 0,
                        457: 0,
                        458: 0,
                        459: 0,
                        460: 0,
                        461: 0,
                        462: 0,
                        463: 0,
                        464: 0,
                        465: 0,
                        466: 0,
                        467: 0,
                        468: 0,
                        469: 0,
                        470: 0,
                        471: 0,
                        472: 0,
                        473: 0,
                        474: 0,
                        475: 0,
                        476: 0,
                        477: 0,
                        478: 0,
                        479: 0,
                        480: 0,
                        481: 0,
                        482: 0,
                        483: 0,
                        484: 0,
                        485: 0,
                        486: 0,
                        487: 0,
                        488: 0,
                        489: 0,
                        490: 0,
                        491: 0,
                        492: 0,
                        493: 0,
                        494: 0,
                        495: 0,
                        496: 0,
                        497: 0,
                        498: 0,
                        499: 0,
                        500: 0,
                        501: 0,
                        502: 0,
                        503: 0,
                        504: 0,
                        505: 0,
                        506: 0,
                        507: 0,
                        508: 0,
                        509: 0,
                        510: 0,
                        511: 0,
                        512: 0,
                        513: 0,
                        514: 0,
                        515: 0,
                        516: 0,
                        517: 0,
                        518: 0,
                        519: 0,
                        520: 0,
                        521: 0,
                        522: 0,
                        523: 0,
                        524: 0,
                        525: 0,
                        526: 0,
                        527: 0,
                        528: 0,
                        529: 0,
                        530: 0,
                        531: 0,
                        532: 0,
                        533: 0,
                        534: 0,
                        535: 0,
                        536: 0,
                        537: 0,
                        538: 0,
                        539: 0,
                        540: 0,
                        541: 0.0032592593,
                        542: 0.012740741,
                        543: 0.028,
                        544: 0.048592594,
                        545: 0.074074075,
                        546: 0.104,
                        547: 0.13792592,
                        548: 0.17540741,
                        549: 0.216,
                        550: 0.25925925,
                        551: 0.30474073,
                        552: 0.352,
                        553: 0.4005926,
                        554: 0.45007408,
                        555: 0.5,
                        556: 0.5499259,
                        557: 0.59940743,
                        558: 0.648,
                        559: 0.6952593,
                        560: 0.7407407,
                        561: 0.784,
                        562: 0.8245926,
                        563: 0.8620741,
                        564: 0.896,
                        565: 0.9259259,
                        566: 0.95140743,
                        567: 0.972,
                        568: 0.98725927,
                        569: 0.99674076,
                        570: 1,
                        571: 1,
                        572: 1,
                        573: 1,
                        574: 1,
                        575: 1,
                        576: 1,
                        577: 1,
                        578: 1,
                        579: 1,
                        580: 1,
                        581: 1,
                        582: 1,
                        583: 1,
                        584: 1,
                        585: 1,
                        586: 1,
                        587: 1,
                        588: 1,
                        589: 1,
                        590: 1,
                        591: 1,
                        592: 1,
                        593: 1,
                        594: 1,
                        595: 1,
                        596: 1,
                        597: 1,
                        598: 1,
                        599: 1,
                        600: 1,
                        601: 1,
                        602: 1,
                        603: 1,
                        604: 1,
                        605: 1,
                        606: 1,
                        607: 1,
                        608: 1,
                        609: 1,
                        610: 1,
                        611: 1,
                        612: 1,
                        613: 1,
                        614: 1,
                        615: 1,
                        616: 1,
                        617: 1,
                        618: 1,
                        619: 1,
                        620: 1,
                        621: 1,
                        622: 1,
                        623: 1,
                        624: 1,
                        625: 1,
                        626: 1,
                        627: 1,
                        628: 1,
                        629: 1,
                        630: 1,
                        631: 1,
                        632: 1,
                        633: 1,
                        634: 1,
                        635: 1,
                        636: 1,
                        637: 1,
                        638: 1,
                        639: 1,
                        640: 1,
                        641: 1,
                        642: 1,
                        643: 1,
                        644: 1,
                        645: 1,
                        646: 1,
                        647: 1,
                        648: 1,
                        649: 1,
                        650: 1,
                        651: 1,
                        652: 1,
                        653: 1,
                        654: 1,
                        655: 1,
                        656: 1,
                        657: 1,
                        658: 1,
                        659: 1,
                        660: 1,
                        661: 0.99674076,
                        662: 0.98725927,
                        663: 0.972,
                        664: 0.95140743,
                        665: 0.9259259,
                        666: 0.896,
                        667: 0.8620741,
                        668: 0.8245926,
                        669: 0.784,
                        670: 0.7407407,
                        671: 0.6952593,
                        672: 0.648,
                        673: 0.59940743,
                        674: 0.5499259,
                        675: 0.5,
                        676: 0.45007408,
                        677: 0.4005926,
                        678: 0.352,
                        679: 0.30474073,
                        680: 0.25925925,
                        681: 0.216,
                        682: 0.17540741,
                        683: 0.13792592,
                        684: 0.104,
                        685: 0.074074075,
                        686: 0.048592594,
                        687: 0.028,
                        688: 0.012740741,
                        689: 0.0032592593,
                        690: 0,
                        691: 0,
                        692: 0,
                        693: 0,
                        694: 0,
                        695: 0,
                        696: 0,
                        697: 0,
                        698: 0,
                        699: 0,
                        700: 0,
                        701: 0,
                        702: 0,
                        703: 0,
                        704: 0,
                        705: 0,
                        706: 0,
                        707: 0,
                        708: 0,
                        709: 0,
                        710: 0,
                        711: 0,
                        712: 0,
                        713: 0,
                        714: 0,
                        715: 0,
                        716: 0,
                        717: 0,
                        718: 0,
                        719: 0,
                        720: 0,
                    }
                }

                over "arm_r_joint1"
                {
                    float drive:angular:physics:targetPosition.timeSamples = {
                        0: 0,
                        1: 0,
                        2: 0,
                        3: 0,
                        4: 0,
                        5: 0,
                        6: 0,
                        7: 0,
                        8: 0,
                        9: 0,
                        10: 0,
                        11: 0,
                        12: 0,
                        13: 0,
                        14: 0,
                        15: 0,
                        16: 0,
                        17: 0,
                        18: 0,
                        19: 0,
                        20: 0,
                        21: 0,
                        22: 0,
                        23: 0,
                        24: 0,
                        25: 0,
                        26: 0,
                        27: 0,
                        28: 0,
                        29: 0,
                        30: 0,
                        31: 0,
                        32: 0,
                        33: 0,
                        34: 0,
                        35: 0,
                        36: 0,
                        37: 0,
                        38: 0,
                        39: 0,
                        40: 0,
                        41: 0,
                        42: 0,
                        43: 0,
                        44: 0,
                        45: 0,
                        46: 0,
                        47: 0,
                        48: 0,
                        49: 0,
                        50: 0,
                        51: 0,
                        52: 0,
                        53: 0,
                        54: 0,
                        55: 0,
                        56: 0,
                        57: 0,
                        58: 0,
                        59: 0,
                        60: 0,
                        61: 0,
                        62: 0,
                        63: 0,
                        64: 0,
                        65: 0,
                        66: 0,
                        67: 0,
                        68: 0,
                        69: 0,
                        70: 0,
                        71: 0,
                        72: 0,
                        73: 0,
                        74: 0,
                        75: 0,
                        76: 0,
                        77: 0,
                        78: 0,
                        79: 0,
                        80: 0,
                        81: 0,
                        82: 0,
                        83: 0,
                        84: 0,
                        85: 0,
                        86: 0,
                        87: 0,
                        88: 0,
                        89: 0,
                        90: 0,
                        91: 0,
                        92: 0,
                        93: 0,
                        94: 0,
                        95: 0,
                        96: 0,
                        97: 0,
                        98: 0,
                        99: 0,
                        100: 0,
                        101: 0,
                        102: 0,
                        103: 0,
                        104: 0,
                        105: 0,
                        106: 0,
                        107: 0,
                        108: 0,
                        109: 0,
                        110: 0,
                        111: 0,
                        112: 0,
                        113: 0,
                        114: 0,
                        115: 0,
                        116: 0,
                        117: 0,
                        118: 0,
                        119: 0,
                        120: 0,
                        121: 0,
                        122: 0,
                        123: 0,
                        124: 0,
                        125: 0,
                        126: 0,
                        127: 0,
                        128: 0,
                        129: 0,
                        130: 0,
                        131: 0,
                        132: 0,
                        133: 0,
                        134: 0,
                        135: 0,
                        136: 0,
                        137: 0,
                        138: 0,
                        139: 0,
                        140: 0,
                        141: 0,
                        142: 0,
                        143: 0,
                        144: 0,
                        145: 0,
                        146: 0,
                        147: 0,
                        148: 0,
                        149: 0,
                        150: 0,
                        151: 0,
                        152: 0,
                        153: 0,
                        154: 0,
                        155: 0,
                        156: 0,
                        157: 0,
                        158: 0,
                        159: 0,
                        160: 0,
                        161: 0,
                        162: 0,
                        163: 0,
                        164: 0,
                        165: 0,
                        166: 0,
                        167: 0,
                        168: 0,
                        169: 0,
                        170: 0,
                        171: 0,
                        172: 0,
                        173: 0,
                        174: 0,
                        175: 0,
                        176: 0,
                        177: 0,
                        178: 0,
                        179: 0,
                        180: 0,
                        181: -0.0035525926,
                        182: -0.013887407,
                        183: -0.03052,
                        184: -0.052965924,
                        185: -0.08074074,
                        186: -0.11336,
                        187: -0.15033926,
                        188: -0.19119407,
                        189: -0.23544,
                        190: -0.2825926,
                        191: -0.33216742,
                        192: -0.38368,
                        193: -0.43664593,
                        194: -0.49058074,
                        195: -0.545,
                        196: -0.59941924,
                        197: -0.65335405,
                        198: -0.70632,
                        199: -0.7578326,
                        200: -0.8074074,
                        201: -0.85456,
                        202: -0.8988059,
                        203: -0.9396607,
                        204: -0.97664,
                        205: -1.0092592,
                        206: -1.037034,
                        207: -1.05948,
                        208: -1.0761126,
                        209: -1.0864474,
                        210: -1.09,
                        211: -1.09,
                        212: -1.09,
                        213: -1.09,
                        214: -1.09,
                        215: -1.09,
                        216: -1.09,
                        217: -1.09,
                        218: -1.09,
                        219: -1.09,
                        220: -1.09,
                        221: -1.09,
                        222: -1.09,
                        223: -1.09,
                        224: -1.09,
                        225: -1.09,
                        226: -1.09,
                        227: -1.09,
                        228: -1.09,
                        229: -1.09,
                        230: -1.09,
                        231: -1.09,
                        232: -1.09,
                        233: -1.09,
                        234: -1.09,
                        235: -1.09,
                        236: -1.09,
                        237: -1.09,
                        238: -1.09,
                        239: -1.09,
                        240: -1.09,
                        241: -1.0901303,
                        242: -1.0905097,
                        243: -1.09112,
                        244: -1.0919437,
                        245: -1.092963,
                        246: -1.09416,
                        247: -1.095517,
                        248: -1.0970163,
                        249: -1.09864,
                        250: -1.1003704,
                        251: -1.1021897,
                        252: -1.10408,
                        253: -1.1060237,
                        254: -1.108003,
                        255: -1.11,
                        256: -1.111997,
                        257: -1.1139762,
                        258: -1.11592,
                        259: -1.1178104,
                        260: -1.1196296,
                        261: -1.12136,
                        262: -1.1229837,
                        263: -1.124483,
                        264: -1.12584,
                        265: -1.127037,
                        266: -1.1280563,
                        267: -1.12888,
                        268: -1.1294904,
                        269: -1.1298696,
                        270: -1.13,
                        271: -1.13,
                        272: -1.13,
                        273: -1.13,
                        274: -1.13,
                        275: -1.13,
                        276: -1.13,
                        277: -1.13,
                        278: -1.13,
                        279: -1.13,
                        280: -1.13,
                        281: -1.13,
                        282: -1.13,
                        283: -1.13,
                        284: -1.13,
                        285: -1.13,
                        286: -1.13,
                        287: -1.13,
                        288: -1.13,
                        289: -1.13,
                        290: -1.13,
                        291: -1.13,
                        292: -1.13,
                        293: -1.13,
                        294: -1.13,
                        295: -1.13,
                        296: -1.13,
                        297: -1.13,
                        298: -1.13,
                        299: -1.13,
                        300: -1.13,
                        301: -1.13,
                        302: -1.13,
                        303: -1.13,
                        304: -1.13,
                        305: -1.13,
                        306: -1.13,
                        307: -1.13,
                        308: -1.13,
                        309: -1.13,
                        310: -1.13,
                        311: -1.13,
                        312: -1.13,
                        313: -1.13,
                        314: -1.13,
                        315: -1.13,
                        316: -1.13,
                        317: -1.13,
                        318: -1.13,
                        319: -1.13,
                        320: -1.13,
                        321: -1.13,
                        322: -1.13,
                        323: -1.13,
                        324: -1.13,
                        325: -1.13,
                        326: -1.13,
                        327: -1.13,
                        328: -1.13,
                        329: -1.13,
                        330: -1.13,
                        331: -1.13,
                        332: -1.13,
                        333: -1.13,
                        334: -1.13,
                        335: -1.13,
                        336: -1.13,
                        337: -1.13,
                        338: -1.13,
                        339: -1.13,
                        340: -1.13,
                        341: -1.13,
                        342: -1.13,
                        343: -1.13,
                        344: -1.13,
                        345: -1.13,
                        346: -1.13,
                        347: -1.13,
                        348: -1.13,
                        349: -1.13,
                        350: -1.13,
                        351: -1.13,
                        352: -1.13,
                        353: -1.13,
                        354: -1.13,
                        355: -1.13,
                        356: -1.13,
                        357: -1.13,
                        358: -1.13,
                        359: -1.13,
                        360: -1.13,
                        361: -1.13,
                        362: -1.13,
                        363: -1.13,
                        364: -1.13,
                        365: -1.13,
                        366: -1.13,
                        367: -1.13,
                        368: -1.13,
                        369: -1.13,
                        370: -1.13,
                        371: -1.13,
                        372: -1.13,
                        373: -1.13,
                        374: -1.13,
                        375: -1.13,
                        376: -1.13,
                        377: -1.13,
                        378: -1.13,
                        379: -1.13,
                        380: -1.13,
                        381: -1.13,
                        382: -1.13,
                        383: -1.13,
                        384: -1.13,
                        385: -1.13,
                        386: -1.13,
                        387: -1.13,
                        388: -1.13,
                        389: -1.13,
                        390: -1.13,
                        391: -1.13,
                        392: -1.13,
                        393: -1.13,
                        394: -1.13,
                        395: -1.13,
                        396: -1.13,
                        397: -1.13,
                        398: -1.13,
                        399: -1.13,
                        400: -1.13,
                        401: -1.13,
                        402: -1.13,
                        403: -1.13,
                        404: -1.13,
                        405: -1.13,
                        406: -1.13,
                        407: -1.13,
                        408: -1.13,
                        409: -1.13,
                        410: -1.13,
                        411: -1.13,
                        412: -1.13,
                        413: -1.13,
                        414: -1.13,
                        415: -1.13,
                        416: -1.13,
                        417: -1.13,
                        418: -1.13,
                        419: -1.13,
                        420: -1.13,
                        421: -1.13,
                        422: -1.13,
                        423: -1.13,
                        424: -1.13,
                        425: -1.13,
                        426: -1.13,
                        427: -1.13,
                        428: -1.13,
                        429: -1.13,
                        430: -1.13,
                        431: -1.13,
                        432: -1.13,
                        433: -1.13,
                        434: -1.13,
                        435: -1.13,
                        436: -1.13,
                        437: -1.13,
                        438: -1.13,
                        439: -1.13,
                        440: -1.13,
                        441: -1.13,
                        442: -1.13,
                        443: -1.13,
                        444: -1.13,
                        445: -1.13,
                        446: -1.13,
                        447: -1.13,
                        448: -1.13,
                        449: -1.13,
                        450: -1.13,
                        451: -1.13,
                        452: -1.13,
                        453: -1.13,
                        454: -1.13,
                        455: -1.13,
                        456: -1.13,
                        457: -1.13,
                        458: -1.13,
                        459: -1.13,
                        460: -1.13,
                        461: -1.13,
                        462: -1.13,
                        463: -1.13,
                        464: -1.13,
                        465: -1.13,
                        466: -1.13,
                        467: -1.13,
                        468: -1.13,
                        469: -1.13,
                        470: -1.13,
                        471: -1.13,
                        472: -1.13,
                        473: -1.13,
                        474: -1.13,
                        475: -1.13,
                        476: -1.13,
                        477: -1.13,
                        478: -1.13,
                        479: -1.13,
                        480: -1.13,
                        481: -1.13,
                        482: -1.13,
                        483: -1.13,
                        484: -1.13,
                        485: -1.13,
                        486: -1.13,
                        487: -1.13,
                        488: -1.13,
                        489: -1.13,
                        490: -1.13,
                        491: -1.13,
                        492: -1.13,
                        493: -1.13,
                        494: -1.13,
                        495: -1.13,
                        496: -1.13,
                        497: -1.13,
                        498: -1.13,
                        499: -1.13,
                        500: -1.13,
                        501: -1.13,
                        502: -1.13,
                        503: -1.13,
                        504: -1.13,
                        505: -1.13,
                        506: -1.13,
                        507: -1.13,
                        508: -1.13,
                        509: -1.13,
                        510: -1.13,
                        511: -1.13,
                        512: -1.13,
                        513: -1.13,
                        514: -1.13,
                        515: -1.13,
                        516: -1.13,
                        517: -1.13,
                        518: -1.13,
                        519: -1.13,
                        520: -1.13,
                        521: -1.13,
                        522: -1.13,
                        523: -1.13,
                        524: -1.13,
                        525: -1.13,
                        526: -1.13,
                        527: -1.13,
                        528: -1.13,
                        529: -1.13,
                        530: -1.13,
                        531: -1.13,
                        532: -1.13,
                        533: -1.13,
                        534: -1.13,
                        535: -1.13,
                        536: -1.13,
                        537: -1.13,
                        538: -1.13,
                        539: -1.13,
                        540: -1.13,
                        541: -1.13,
                        542: -1.13,
                        543: -1.13,
                        544: -1.13,
                        545: -1.13,
                        546: -1.13,
                        547: -1.13,
                        548: -1.13,
                        549: -1.13,
                        550: -1.13,
                        551: -1.13,
                        552: -1.13,
                        553: -1.13,
                        554: -1.13,
                        555: -1.13,
                        556: -1.13,
                        557: -1.13,
                        558: -1.13,
                        559: -1.13,
                        560: -1.13,
                        561: -1.13,
                        562: -1.13,
                        563: -1.13,
                        564: -1.13,
                        565: -1.13,
                        566: -1.13,
                        567: -1.13,
                        568: -1.13,
                        569: -1.13,
                        570: -1.13,
                        571: -1.13,
                        572: -1.13,
                        573: -1.13,
                        574: -1.13,
                        575: -1.13,
                        576: -1.13,
                        577: -1.13,
                        578: -1.13,
                        579: -1.13,
                        580: -1.13,
                        581: -1.13,
                        582: -1.13,
                        583: -1.13,
                        584: -1.13,
                        585: -1.13,
                        586: -1.13,
                        587: -1.13,
                        588: -1.13,
                        589: -1.13,
                        590: -1.13,
                        591: -1.13,
                        592: -1.13,
                        593: -1.13,
                        594: -1.13,
                        595: -1.13,
                        596: -1.13,
                        597: -1.13,
                        598: -1.13,
                        599: -1.13,
                        600: -1.13,
                        601: -1.13,
                        602: -1.13,
                        603: -1.13,
                        604: -1.13,
                        605: -1.13,
                        606: -1.13,
                        607: -1.13,
                        608: -1.13,
                        609: -1.13,
                        610: -1.13,
                        611: -1.13,
                        612: -1.13,
                        613: -1.13,
                        614: -1.13,
                        615: -1.13,
                        616: -1.13,
                        617: -1.13,
                        618: -1.13,
                        619: -1.13,
                        620: -1.13,
                        621: -1.13,
                        622: -1.13,
                        623: -1.13,
                        624: -1.13,
                        625: -1.13,
                        626: -1.13,
                        627: -1.13,
                        628: -1.13,
                        629: -1.13,
                        630: -1.13,
                        631: -1.13,
                        632: -1.13,
                        633: -1.13,
                        634: -1.13,
                        635: -1.13,
                        636: -1.13,
                        637: -1.13,
                        638: -1.13,
                        639: -1.13,
                        640: -1.13,
                        641: -1.13,
                        642: -1.13,
                        643: -1.13,
                        644: -1.13,
                        645: -1.13,
                        646: -1.13,
                        647: -1.13,
                        648: -1.13,
                        649: -1.13,
                        650: -1.13,
                        651: -1.13,
                        652: -1.13,
                        653: -1.13,
                        654: -1.13,
                        655: -1.13,
                        656: -1.13,
                        657: -1.13,
                        658: -1.13,
                        659: -1.13,
                        660: -1.13,
                        661: -1.126317,
                        662: -1.115603,
                        663: -1.09836,
                        664: -1.0750904,
                        665: -1.0462962,
                        666: -1.01248,
                        667: -0.9741437,
                        668: -0.93178964,
                        669: -0.88592,
                        670: -0.837037,
                        671: -0.785643,
                        672: -0.73224,
                        673: -0.6773304,
                        674: -0.6214163,
                        675: -0.565,
                        676: -0.5085837,
                        677: -0.45266962,
                        678: -0.39776,
                        679: -0.34435704,
                        680: -0.29296297,
                        681: -0.24408,
                        682: -0.19821037,
                        683: -0.1558563,
                        684: -0.11752,
                        685: -0.083703704,
                        686: -0.054909628,
                        687: -0.03164,
                        688: -0.014397037,
                        689: -0.0036829629,
                        690: 0,
                        691: 0,
                        692: 0,
                        693: 0,
                        694: 0,
                        695: 0,
                        696: 0,
                        697: 0,
                        698: 0,
                        699: 0,
                        700: 0,
                        701: 0,
                        702: 0,
                        703: 0,
                        704: 0,
                        705: 0,
                        706: 0,
                        707: 0,
                        708: 0,
                        709: 0,
                        710: 0,
                        711: 0,
                        712: 0,
                        713: 0,
                        714: 0,
                        715: 0,
                        716: 0,
                        717: 0,
                        718: 0,
                        719: 0,
                        720: 0,
                    }
                }

                over "arm_r_joint2"
                {
                    float drive:angular:physics:targetPosition.timeSamples = {
                        0: 0,
                        1: 0,
                        2: 0,
                        3: 0,
                        4: 0,
                        5: 0,
                        6: 0,
                        7: 0,
                        8: 0,
                        9: 0,
                        10: 0,
                        11: 0,
                        12: 0,
                        13: 0,
                        14: 0,
                        15: 0,
                        16: 0,
                        17: 0,
                        18: 0,
                        19: 0,
                        20: 0,
                        21: 0,
                        22: 0,
                        23: 0,
                        24: 0,
                        25: 0,
                        26: 0,
                        27: 0,
                        28: 0,
                        29: 0,
                        30: 0,
                        31: 0,
                        32: 0,
                        33: 0,
                        34: 0,
                        35: 0,
                        36: 0,
                        37: 0,
                        38: 0,
                        39: 0,
                        40: 0,
                        41: 0,
                        42: 0,
                        43: 0,
                        44: 0,
                        45: 0,
                        46: 0,
                        47: 0,
                        48: 0,
                        49: 0,
                        50: 0,
                        51: 0,
                        52: 0,
                        53: 0,
                        54: 0,
                        55: 0,
                        56: 0,
                        57: 0,
                        58: 0,
                        59: 0,
                        60: 0,
                        61: 0,
                        62: 0,
                        63: 0,
                        64: 0,
                        65: 0,
                        66: 0,
                        67: 0,
                        68: 0,
                        69: 0,
                        70: 0,
                        71: 0,
                        72: 0,
                        73: 0,
                        74: 0,
                        75: 0,
                        76: 0,
                        77: 0,
                        78: 0,
                        79: 0,
                        80: 0,
                        81: 0,
                        82: 0,
                        83: 0,
                        84: 0,
                        85: 0,
                        86: 0,
                        87: 0,
                        88: 0,
                        89: 0,
                        90: 0,
                        91: 0,
                        92: 0,
                        93: 0,
                        94: 0,
                        95: 0,
                        96: 0,
                        97: 0,
                        98: 0,
                        99: 0,
                        100: 0,
                        101: 0,
                        102: 0,
                        103: 0,
                        104: 0,
                        105: 0,
                        106: 0,
                        107: 0,
                        108: 0,
                        109: 0,
                        110: 0,
                        111: 0,
                        112: 0,
                        113: 0,
                        114: 0,
                        115: 0,
                        116: 0,
                        117: 0,
                        118: 0,
                        119: 0,
                        120: 0,
                        121: 0,
                        122: 0,
                        123: 0,
                        124: 0,
                        125: 0,
                        126: 0,
                        127: 0,
                        128: 0,
                        129: 0,
                        130: 0,
                        131: 0,
                        132: 0,
                        133: 0,
                        134: 0,
                        135: 0,
                        136: 0,
                        137: 0,
                        138: 0,
                        139: 0,
                        140: 0,
                        141: 0,
                        142: 0,
                        143: 0,
                        144: 0,
                        145: 0,
                        146: 0,
                        147: 0,
                        148: 0,
                        149: 0,
                        150: 0,
                        151: 0,
                        152: 0,
                        153: 0,
                        154: 0,
                        155: 0,
                        156: 0,
                        157: 0,
                        158: 0,
                        159: 0,
                        160: 0,
                        161: 0,
                        162: 0,
                        163: 0,
                        164: 0,
                        165: 0,
                        166: 0,
                        167: 0,
                        168: 0,
                        169: 0,
                        170: 0,
                        171: 0,
                        172: 0,
                        173: 0,
                        174: 0,
                        175: 0,
                        176: 0,
                        177: 0,
                        178: 0,
                        179: 0,
                        180: 0,
                        181: 0,
                        182: 0,
                        183: 0,
                        184: 0,
                        185: 0,
                        186: 0,
                        187: 0,
                        188: 0,
                        189: 0,
                        190: 0,
                        191: 0,
                        192: 0,
                        193: 0,
                        194: 0,
                        195: 0,
                        196: 0,
                        197: 0,
                        198: 0,
                        199: 0,
                        200: 0,
                        201: 0,
                        202: 0,
                        203: 0,
                        204: 0,
                        205: 0,
                        206: 0,
                        207: 0,
                        208: 0,
                        209: 0,
                        210: 0,
                        211: 0,
                        212: 0,
                        213: 0,
                        214: 0,
                        215: 0,
                        216: 0,
                        217: 0,
                        218: 0,
                        219: 0,
                        220: 0,
                        221: 0,
                        222: 0,
                        223: 0,
                        224: 0,
                        225: 0,
                        226: 0,
                        227: 0,
                        228: 0,
                        229: 0,
                        230: 0,
                        231: 0,
                        232: 0,
                        233: 0,
                        234: 0,
                        235: 0,
                        236: 0,
                        237: 0,
                        238: 0,
                        239: 0,
                        240: 0,
                        241: 0,
                        242: 0,
                        243: 0,
                        244: 0,
                        245: 0,
                        246: 0,
                        247: 0,
                        248: 0,
                        249: 0,
                        250: 0,
                        251: 0,
                        252: 0,
                        253: 0,
                        254: 0,
                        255: 0,
                        256: 0,
                        257: 0,
                        258: 0,
                        259: 0,
                        260: 0,
                        261: 0,
                        262: 0,
                        263: 0,
                        264: 0,
                        265: 0,
                        266: 0,
                        267: 0,
                        268: 0,
                        269: 0,
                        270: 0,
                        271: 0,
                        272: 0,
                        273: 0,
                        274: 0,
                        275: 0,
                        276: 0,
                        277: 0,
                        278: 0,
                        279: 0,
                        280: 0,
                        281: 0,
                        282: 0,
                        283: 0,
                        284: 0,
                        285: 0,
                        286: 0,
                        287: 0,
                        288: 0,
                        289: 0,
                        290: 0,
                        291: 0,
                        292: 0,
                        293: 0,
                        294: 0,
                        295: 0,
                        296: 0,
                        297: 0,
                        298: 0,
                        299: 0,
                        300: 0,
                        301: 0,
                        302: 0,
                        303: 0,
                        304: 0,
                        305: 0,
                        306: 0,
                        307: 0,
                        308: 0,
                        309: 0,
                        310: 0,
                        311: 0,
                        312: 0,
                        313: 0,
                        314: 0,
                        315: 0,
                        316: 0,
                        317: 0,
                        318: 0,
                        319: 0,
                        320: 0,
                        321: 0,
                        322: 0,
                        323: 0,
                        324: 0,
                        325: 0,
                        326: 0,
                        327: 0,
                        328: 0,
                        329: 0,
                        330: 0,
                        331: 0,
                        332: 0,
                        333: 0,
                        334: 0,
                        335: 0,
                        336: 0,
                        337: 0,
                        338: 0,
                        339: 0,
                        340: 0,
                        341: 0,
                        342: 0,
                        343: 0,
                        344: 0,
                        345: 0,
                        346: 0,
                        347: 0,
                        348: 0,
                        349: 0,
                        350: 0,
                        351: 0,
                        352: 0,
                        353: 0,
                        354: 0,
                        355: 0,
                        356: 0,
                        357: 0,
                        358: 0,
                        359: 0,
                        360: 0,
                        361: 0,
                        362: 0,
                        363: 0,
                        364: 0,
                        365: 0,
                        366: 0,
                        367: 0,
                        368: 0,
                        369: 0,
                        370: 0,
                        371: 0,
                        372: 0,
                        373: 0,
                        374: 0,
                        375: 0,
                        376: 0,
                        377: 0,
                        378: 0,
                        379: 0,
                        380: 0,
                        381: 0,
                        382: 0,
                        383: 0,
                        384: 0,
                        385: 0,
                        386: 0,
                        387: 0,
                        388: 0,
                        389: 0,
                        390: 0,
                        391: 0,
                        392: 0,
                        393: 0,
                        394: 0,
                        395: 0,
                        396: 0,
                        397: 0,
                        398: 0,
                        399: 0,
                        400: 0,
                        401: 0,
                        402: 0,
                        403: 0,
                        404: 0,
                        405: 0,
                        406: 0,
                        407: 0,
                        408: 0,
                        409: 0,
                        410: 0,
                        411: 0,
                        412: 0,
                        413: 0,
                        414: 0,
                        415: 0,
                        416: 0,
                        417: 0,
                        418: 0,
                        419: 0,
                        420: 0,
                        421: 0,
                        422: 0,
                        423: 0,
                        424: 0,
                        425: 0,
                        426: 0,
                        427: 0,
                        428: 0,
                        429: 0,
                        430: 0,
                        431: 0,
                        432: 0,
                        433: 0,
                        434: 0,
                        435: 0,
                        436: 0,
                        437: 0,
                        438: 0,
                        439: 0,
                        440: 0,
                        441: 0,
                        442: 0,
                        443: 0,
                        444: 0,
                        445: 0,
                        446: 0,
                        447: 0,
                        448: 0,
                        449: 0,
                        450: 0,
                        451: 0,
                        452: 0,
                        453: 0,
                        454: 0,
                        455: 0,
                        456: 0,
                        457: 0,
                        458: 0,
                        459: 0,
                        460: 0,
                        461: 0,
                        462: 0,
                        463: 0,
                        464: 0,
                        465: 0,
                        466: 0,
                        467: 0,
                        468: 0,
                        469: 0,
                        470: 0,
                        471: 0,
                        472: 0,
                        473: 0,
                        474: 0,
                        475: 0,
                        476: 0,
                        477: 0,
                        478: 0,
                        479: 0,
                        480: 0,
                        481: 0,
                        482: 0,
                        483: 0,
                        484: 0,
                        485: 0,
                        486: 0,
                        487: 0,
                        488: 0,
                        489: 0,
                        490: 0,
                        491: 0,
                        492: 0,
                        493: 0,
                        494: 0,
                        495: 0,
                        496: 0,
                        497: 0,
                        498: 0,
                        499: 0,
                        500: 0,
                        501: 0,
                        502: 0,
                        503: 0,
                        504: 0,
                        505: 0,
                        506: 0,
                        507: 0,
                        508: 0,
                        509: 0,
                        510: 0,
                        511: 0,
                        512: 0,
                        513: 0,
                        514: 0,
                        515: 0,
                        516: 0,
                        517: 0,
                        518: 0,
                        519: 0,
                        520: 0,
                        521: 0,
                        522: 0,
                        523: 0,
                        524: 0,
                        525: 0,
                        526: 0,
                        527: 0,
                        528: 0,
                        529: 0,
                        530: 0,
                        531: 0,
                        532: 0,
                        533: 0,
                        534: 0,
                        535: 0,
                        536: 0,
                        537: 0,
                        538: 0,
                        539: 0,
                        540: 0,
                        541: 0,
                        542: 0,
                        543: 0,
                        544: 0,
                        545: 0,
                        546: 0,
                        547: 0,
                        548: 0,
                        549: 0,
                        550: 0,
                        551: 0,
                        552: 0,
                        553: 0,
                        554: 0,
                        555: 0,
                        556: 0,
                        557: 0,
                        558: 0,
                        559: 0,
                        560: 0,
                        561: 0,
                        562: 0,
                        563: 0,
                        564: 0,
                        565: 0,
                        566: 0,
                        567: 0,
                        568: 0,
                        569: 0,
                        570: 0,
                        571: 0,
                        572: 0,
                        573: 0,
                        574: 0,
                        575: 0,
                        576: 0,
                        577: 0,
                        578: 0,
                        579: 0,
                        580: 0,
                        581: 0,
                        582: 0,
                        583: 0,
                        584: 0,
                        585: 0,
                        586: 0,
                        587: 0,
                        588: 0,
                        589: 0,
                        590: 0,
                        591: 0,
                        592: 0,
                        593: 0,
                        594: 0,
                        595: 0,
                        596: 0,
                        597: 0,
                        598: 0,
                        599: 0,
                        600: 0,
                        601: 0,
                        602: 0,
                        603: 0,
                        604: 0,
                        605: 0,
                        606: 0,
                        607: 0,
                        608: 0,
                        609: 0,
                        610: 0,
                        611: 0,
                        612: 0,
                        613: 0,
                        614: 0,
                        615: 0,
                        616: 0,
                        617: 0,
                        618: 0,
                        619: 0,
                        620: 0,
                        621: 0,
                        622: 0,
                        623: 0,
                        624: 0,
                        625: 0,
                        626: 0,
                        627: 0,
                        628: 0,
                        629: 0,
                        630: 0,
                        631: 0,
                        632: 0,
                        633: 0,
                        634: 0,
                        635: 0,
                        636: 0,
                        637: 0,
                        638: 0,
                        639: 0,
                        640: 0,
                        641: 0,
                        642: 0,
                        643: 0,
                        644: 0,
                        645: 0,
                        646: 0,
                        647: 0,
                        648: 0,
                        649: 0,
                        650: 0,
                        651: 0,
                        652: 0,
                        653: 0,
                        654: 0,
                        655: 0,
                        656: 0,
                        657: 0,
                        658: 0,
                        659: 0,
                        660: 0,
                        661: 0,
                        662: 0,
                        663: 0,
                        664: 0,
                        665: 0,
                        666: 0,
                        667: 0,
                        668: 0,
                        669: 0,
                        670: 0,
                        671: 0,
                        672: 0,
                        673: 0,
                        674: 0,
                        675: 0,
                        676: 0,
                        677: 0,
                        678: 0,
                        679: 0,
                        680: 0,
                        681: 0,
                        682: 0,
                        683: 0,
                        684: 0,
                        685: 0,
                        686: 0,
                        687: 0,
                        688: 0,
                        689: 0,
                        690: 0,
                        691: 0,
                        692: 0,
                        693: 0,
                        694: 0,
                        695: 0,
                        696: 0,
                        697: 0,
                        698: 0,
                        699: 0,
                        700: 0,
                        701: 0,
                        702: 0,
                        703: 0,
                        704: 0,
                        705: 0,
                        706: 0,
                        707: 0,
                        708: 0,
                        709: 0,
                        710: 0,
                        711: 0,
                        712: 0,
                        713: 0,
                        714: 0,
                        715: 0,
                        716: 0,
                        717: 0,
                        718: 0,
                        719: 0,
                        720: 0,
                    }
                }

                over "arm_r_joint3"
                {
                    float drive:angular:physics:targetPosition.timeSamples = {
                        0: 0,
                        1: 0,
                        2: 0,
                        3: 0,
                        4: 0,
                        5: 0,
                        6: 0,
                        7: 0,
                        8: 0,
                        9: 0,
                        10: 0,
                        11: 0,
                        12: 0,
                        13: 0,
                        14: 0,
                        15: 0,
                        16: 0,
                        17: 0,
                        18: 0,
                        19: 0,
                        20: 0,
                        21: 0,
                        22: 0,
                        23: 0,
                        24: 0,
                        25: 0,
                        26: 0,
                        27: 0,
                        28: 0,
                        29: 0,
                        30: 0,
                        31: 0,
                        32: 0,
                        33: 0,
                        34: 0,
                        35: 0,
                        36: 0,
                        37: 0,
                        38: 0,
                        39: 0,
                        40: 0,
                        41: 0,
                        42: 0,
                        43: 0,
                        44: 0,
                        45: 0,
                        46: 0,
                        47: 0,
                        48: 0,
                        49: 0,
                        50: 0,
                        51: 0,
                        52: 0,
                        53: 0,
                        54: 0,
                        55: 0,
                        56: 0,
                        57: 0,
                        58: 0,
                        59: 0,
                        60: 0,
                        61: 0,
                        62: 0,
                        63: 0,
                        64: 0,
                        65: 0,
                        66: 0,
                        67: 0,
                        68: 0,
                        69: 0,
                        70: 0,
                        71: 0,
                        72: 0,
                        73: 0,
                        74: 0,
                        75: 0,
                        76: 0,
                        77: 0,
                        78: 0,
                        79: 0,
                        80: 0,
                        81: 0,
                        82: 0,
                        83: 0,
                        84: 0,
                        85: 0,
                        86: 0,
                        87: 0,
                        88: 0,
                        89: 0,
                        90: 0,
                        91: 0,
                        92: 0,
                        93: 0,
                        94: 0,
                        95: 0,
                        96: 0,
                        97: 0,
                        98: 0,
                        99: 0,
                        100: 0,
                        101: 0,
                        102: 0,
                        103: 0,
                        104: 0,
                        105: 0,
                        106: 0,
                        107: 0,
                        108: 0,
                        109: 0,
                        110: 0,
                        111: 0,
                        112: 0,
                        113: 0,
                        114: 0,
                        115: 0,
                        116: 0,
                        117: 0,
                        118: 0,
                        119: 0,
                        120: 0,
                        121: 0,
                        122: 0,
                        123: 0,
                        124: 0,
                        125: 0,
                        126: 0,
                        127: 0,
                        128: 0,
                        129: 0,
                        130: 0,
                        131: 0,
                        132: 0,
                        133: 0,
                        134: 0,
                        135: 0,
                        136: 0,
                        137: 0,
                        138: 0,
                        139: 0,
                        140: 0,
                        141: 0,
                        142: 0,
                        143: 0,
                        144: 0,
                        145: 0,
                        146: 0,
                        147: 0,
                        148: 0,
                        149: 0,
                        150: 0,
                        151: 0,
                        152: 0,
                        153: 0,
                        154: 0,
                        155: 0,
                        156: 0,
                        157: 0,
                        158: 0,
                        159: 0,
                        160: 0,
                        161: 0,
                        162: 0,
                        163: 0,
                        164: 0,
                        165: 0,
                        166: 0,
                        167: 0,
                        168: 0,
                        169: 0,
                        170: 0,
                        171: 0,
                        172: 0,
                        173: 0,
                        174: 0,
                        175: 0,
                        176: 0,
                        177: 0,
                        178: 0,
                        179: 0,
                        180: 0,
                        181: 0.0032918518,
                        182: 0.012868148,
                        183: 0.02828,
                        184: 0.049078517,
                        185: 0.07481481,
                        186: 0.10504,
                        187: 0.13930519,
                        188: 0.17716148,
                        189: 0.21816,
                        190: 0.26185185,
                        191: 0.30778813,
                        192: 0.35552,
                        193: 0.4045985,
                        194: 0.45457482,
                        195: 0.505,
                        196: 0.55542517,
                        197: 0.60540146,
                        198: 0.65448,
                        199: 0.70221186,
                        200: 0.74814814,
                        201: 0.79184,
                        202: 0.83283854,
                        203: 0.8706948,
                        204: 0.90496,
                        205: 0.9351852,
                        206: 0.96092147,
                        207: 0.98172,
                        208: 0.9971318,
                        209: 1.0067081,
                        210: 1.01,
                        211: 1.01,
                        212: 1.01,
                        213: 1.01,
                        214: 1.01,
                        215: 1.01,
                        216: 1.01,
                        217: 1.01,
                        218: 1.01,
                        219: 1.01,
                        220: 1.01,
                        221: 1.01,
                        222: 1.01,
                        223: 1.01,
                        224: 1.01,
                        225: 1.01,
                        226: 1.01,
                        227: 1.01,
                        228: 1.01,
                        229: 1.01,
                        230: 1.01,
                        231: 1.01,
                        232: 1.01,
                        233: 1.01,
                        234: 1.01,
                        235: 1.01,
                        236: 1.01,
                        237: 1.01,
                        238: 1.01,
                        239: 1.01,
                        240: 1.01,
                        241: 1.0105541,
                        242: 1.0121659,
                        243: 1.01476,
                        244: 1.0182607,
                        245: 1.0225925,
                        246: 1.02768,
                        247: 1.0334474,
                        248: 1.0398192,
                        249: 1.04672,
                        250: 1.054074,
                        251: 1.061806,
                        252: 1.06984,
                        253: 1.0781007,
                        254: 1.0865126,
                        255: 1.095,
                        256: 1.1034874,
                        257: 1.1118993,
                        258: 1.12016,
                        259: 1.1281941,
                        260: 1.1359259,
                        261: 1.14328,
                        262: 1.1501807,
                        263: 1.1565526,
                        264: 1.16232,
                        265: 1.1674074,
                        266: 1.1717392,
                        267: 1.17524,
                        268: 1.177834,
                        269: 1.179446,
                        270: 1.18,
                        271: 1.18,
                        272: 1.18,
                        273: 1.18,
                        274: 1.18,
                        275: 1.18,
                        276: 1.18,
                        277: 1.18,
                        278: 1.18,
                        279: 1.18,
                        280: 1.18,
                        281: 1.18,
                        282: 1.18,
                        283: 1.18,
                        284: 1.18,
                        285: 1.18,
                        286: 1.18,
                        287: 1.18,
                        288: 1.18,
                        289: 1.18,
                        290: 1.18,
                        291: 1.18,
                        292: 1.18,
                        293: 1.18,
                        294: 1.18,
                        295: 1.18,
                        296: 1.18,
                        297: 1.18,
                        298: 1.18,
                        299: 1.18,
                        300: 1.18,
                        301: 1.18,
                        302: 1.18,
                        303: 1.18,
                        304: 1.18,
                        305: 1.18,
                        306: 1.18,
                        307: 1.18,
                        308: 1.18,
                        309: 1.18,
                        310: 1.18,
                        311: 1.18,
                        312: 1.18,
                        313: 1.18,
                        314: 1.18,
                        315: 1.18,
                        316: 1.18,
                        317: 1.18,
                        318: 1.18,
                        319: 1.18,
                        320: 1.18,
                        321: 1.18,
                        322: 1.18,
                        323: 1.18,
                        324: 1.18,
                        325: 1.18,
                        326: 1.18,
                        327: 1.18,
                        328: 1.18,
                        329: 1.18,
                        330: 1.18,
                        331: 1.18,
                        332: 1.18,
                        333: 1.18,
                        334: 1.18,
                        335: 1.18,
                        336: 1.18,
                        337: 1.18,
                        338: 1.18,
                        339: 1.18,
                        340: 1.18,
                        341: 1.18,
                        342: 1.18,
                        343: 1.18,
                        344: 1.18,
                        345: 1.18,
                        346: 1.18,
                        347: 1.18,
                        348: 1.18,
                        349: 1.18,
                        350: 1.18,
                        351: 1.18,
                        352: 1.18,
                        353: 1.18,
                        354: 1.18,
                        355: 1.18,
                        356: 1.18,
                        357: 1.18,
                        358: 1.18,
                        359: 1.18,
                        360: 1.18,
                        361: 1.18,
                        362: 1.18,
                        363: 1.18,
                        364: 1.18,
                        365: 1.18,
                        366: 1.18,
                        367: 1.18,
                        368: 1.18,
                        369: 1.18,
                        370: 1.18,
                        371: 1.18,
                        372: 1.18,
                        373: 1.18,
                        374: 1.18,
                        375: 1.18,
                        376: 1.18,
                        377: 1.18,
                        378: 1.18,
                        379: 1.18,
                        380: 1.18,
                        381: 1.18,
                        382: 1.18,
                        383: 1.18,
                        384: 1.18,
                        385: 1.18,
                        386: 1.18,
                        387: 1.18,
                        388: 1.18,
                        389: 1.18,
                        390: 1.18,
                        391: 1.18,
                        392: 1.18,
                        393: 1.18,
                        394: 1.18,
                        395: 1.18,
                        396: 1.18,
                        397: 1.18,
                        398: 1.18,
                        399: 1.18,
                        400: 1.18,
                        401: 1.18,
                        402: 1.18,
                        403: 1.18,
                        404: 1.18,
                        405: 1.18,
                        406: 1.18,
                        407: 1.18,
                        408: 1.18,
                        409: 1.18,
                        410: 1.18,
                        411: 1.18,
                        412: 1.18,
                        413: 1.18,
                        414: 1.18,
                        415: 1.18,
                        416: 1.18,
                        417: 1.18,
                        418: 1.18,
                        419: 1.18,
                        420: 1.18,
                        421: 1.18,
                        422: 1.18,
                        423: 1.18,
                        424: 1.18,
                        425: 1.18,
                        426: 1.18,
                        427: 1.18,
                        428: 1.18,
                        429: 1.18,
                        430: 1.18,
                        431: 1.18,
                        432: 1.18,
                        433: 1.18,
                        434: 1.18,
                        435: 1.18,
                        436: 1.18,
                        437: 1.18,
                        438: 1.18,
                        439: 1.18,
                        440: 1.18,
                        441: 1.18,
                        442: 1.18,
                        443: 1.18,
                        444: 1.18,
                        445: 1.18,
                        446: 1.18,
                        447: 1.18,
                        448: 1.18,
                        449: 1.18,
                        450: 1.18,
                        451: 1.18,
                        452: 1.18,
                        453: 1.18,
                        454: 1.18,
                        455: 1.18,
                        456: 1.18,
                        457: 1.18,
                        458: 1.18,
                        459: 1.18,
                        460: 1.18,
                        461: 1.18,
                        462: 1.18,
                        463: 1.18,
                        464: 1.18,
                        465: 1.18,
                        466: 1.18,
                        467: 1.18,
                        468: 1.18,
                        469: 1.18,
                        470: 1.18,
                        471: 1.18,
                        472: 1.18,
                        473: 1.18,
                        474: 1.18,
                        475: 1.18,
                        476: 1.18,
                        477: 1.18,
                        478: 1.18,
                        479: 1.18,
                        480: 1.18,
                        481: 1.18,
                        482: 1.18,
                        483: 1.18,
                        484: 1.18,
                        485: 1.18,
                        486: 1.18,
                        487: 1.18,
                        488: 1.18,
                        489: 1.18,
                        490: 1.18,
                        491: 1.18,
                        492: 1.18,
                        493: 1.18,
                        494: 1.18,
                        495: 1.18,
                        496: 1.18,
                        497: 1.18,
                        498: 1.18,
                        499: 1.18,
                        500: 1.18,
                        501: 1.18,
                        502: 1.18,
                        503: 1.18,
                        504: 1.18,
                        505: 1.18,
                        506: 1.18,
                        507: 1.18,
                        508: 1.18,
                        509: 1.18,
                        510: 1.18,
                        511: 1.18,
                        512: 1.18,
                        513: 1.18,
                        514: 1.18,
                        515: 1.18,
                        516: 1.18,
                        517: 1.18,
                        518: 1.18,
                        519: 1.18,
                        520: 1.18,
                        521: 1.18,
                        522: 1.18,
                        523: 1.18,
                        524: 1.18,
                        525: 1.18,
                        526: 1.18,
                        527: 1.18,
                        528: 1.18,
                        529: 1.18,
                        530: 1.18,
                        531: 1.18,
                        532: 1.18,
                        533: 1.18,
                        534: 1.18,
                        535: 1.18,
                        536: 1.18,
                        537: 1.18,
                        538: 1.18,
                        539: 1.18,
                        540: 1.18,
                        541: 1.18,
                        542: 1.18,
                        543: 1.18,
                        544: 1.18,
                        545: 1.18,
                        546: 1.18,
                        547: 1.18,
                        548: 1.18,
                        549: 1.18,
                        550: 1.18,
                        551: 1.18,
                        552: 1.18,
                        553: 1.18,
                        554: 1.18,
                        555: 1.18,
                        556: 1.18,
                        557: 1.18,
                        558: 1.18,
                        559: 1.18,
                        560: 1.18,
                        561: 1.18,
                        562: 1.18,
                        563: 1.18,
                        564: 1.18,
                        565: 1.18,
                        566: 1.18,
                        567: 1.18,
                        568: 1.18,
                        569: 1.18,
                        570: 1.18,
                        571: 1.18,
                        572: 1.18,
                        573: 1.18,
                        574: 1.18,
                        575: 1.18,
                        576: 1.18,
                        577: 1.18,
                        578: 1.18,
                        579: 1.18,
                        580: 1.18,
                        581: 1.18,
                        582: 1.18,
                        583: 1.18,
                        584: 1.18,
                        585: 1.18,
                        586: 1.18,
                        587: 1.18,
                        588: 1.18,
                        589: 1.18,
                        590: 1.18,
                        591: 1.18,
                        592: 1.18,
                        593: 1.18,
                        594: 1.18,
                        595: 1.18,
                        596: 1.18,
                        597: 1.18,
                        598: 1.18,
                        599: 1.18,
                        600: 1.18,
                        601: 1.18,
                        602: 1.18,
                        603: 1.18,
                        604: 1.18,
                        605: 1.18,
                        606: 1.18,
                        607: 1.18,
                        608: 1.18,
                        609: 1.18,
                        610: 1.18,
                        611: 1.18,
                        612: 1.18,
                        613: 1.18,
                        614: 1.18,
                        615: 1.18,
                        616: 1.18,
                        617: 1.18,
                        618: 1.18,
                        619: 1.18,
                        620: 1.18,
                        621: 1.18,
                        622: 1.18,
                        623: 1.18,
                        624: 1.18,
                        625: 1.18,
                        626: 1.18,
                        627: 1.18,
                        628: 1.18,
                        629: 1.18,
                        630: 1.18,
                        631: 1.18,
                        632: 1.18,
                        633: 1.18,
                        634: 1.18,
                        635: 1.18,
                        636: 1.18,
                        637: 1.18,
                        638: 1.18,
                        639: 1.18,
                        640: 1.18,
                        641: 1.18,
                        642: 1.18,
                        643: 1.18,
                        644: 1.18,
                        645: 1.18,
                        646: 1.18,
                        647: 1.18,
                        648: 1.18,
                        649: 1.18,
                        650: 1.18,
                        651: 1.18,
                        652: 1.18,
                        653: 1.18,
                        654: 1.18,
                        655: 1.18,
                        656: 1.18,
                        657: 1.18,
                        658: 1.18,
                        659: 1.18,
                        660: 1.18,
                        661: 1.176154,
                        662: 1.1649659,
                        663: 1.14696,
                        664: 1.1226608,
                        665: 1.0925926,
                        666: 1.05728,
                        667: 1.0172474,
                        668: 0.97301924,
                        669: 0.92512,
                        670: 0.8740741,
                        671: 0.8204059,
                        672: 0.76464,
                        673: 0.7073007,
                        674: 0.6489126,
                        675: 0.59,
                        676: 0.5310874,
                        677: 0.47269925,
                        678: 0.41536,
                        679: 0.35959408,
                        680: 0.30592594,
                        681: 0.25488,
                        682: 0.20698074,
                        683: 0.1627526,
                        684: 0.12272,
                        685: 0.08740741,
                        686: 0.05733926,
                        687: 0.03304,
                        688: 0.015034074,
                        689: 0.003845926,
                        690: 0,
                        691: 0,
                        692: 0,
                        693: 0,
                        694: 0,
                        695: 0,
                        696: 0,
                        697: 0,
                        698: 0,
                        699: 0,
                        700: 0,
                        701: 0,
                        702: 0,
                        703: 0,
                        704: 0,
                        705: 0,
                        706: 0,
                        707: 0,
                        708: 0,
                        709: 0,
                        710: 0,
                        711: 0,
                        712: 0,
                        713: 0,
                        714: 0,
                        715: 0,
                        716: 0,
                        717: 0,
                        718: 0,
                        719: 0,
                        720: 0,
                    }
                }

                over "arm_r_joint4"
                {
                    float drive:angular:physics:targetPosition.timeSamples = {
                        0: 0,
                        1: -0.004888889,
                        2: -0.019111112,
                        3: -0.042,
                        4: -0.07288889,
                        5: -0.11111111,
                        6: -0.156,
                        7: -0.20688888,
                        8: -0.2631111,
                        9: -0.324,
                        10: -0.3888889,
                        11: -0.45711112,
                        12: -0.528,
                        13: -0.6008889,
                        14: -0.6751111,
                        15: -0.75,
                        16: -0.8248889,
                        17: -0.8991111,
                        18: -0.972,
                        19: -1.0428889,
                        20: -1.1111112,
                        21: -1.176,
                        22: -1.2368889,
                        23: -1.2931111,
                        24: -1.344,
                        25: -1.3888888,
                        26: -1.4271111,
                        27: -1.458,
                        28: -1.4808888,
                        29: -1.4951111,
                        30: -1.5,
                        31: -1.5,
                        32: -1.5,
                        33: -1.5,
                        34: -1.5,
                        35: -1.5,
                        36: -1.5,
                        37: -1.5,
                        38: -1.5,
                        39: -1.5,
                        40: -1.5,
                        41: -1.5,
                        42: -1.5,
                        43: -1.5,
                        44: -1.5,
                        45: -1.5,
                        46: -1.5,
                        47: -1.5,
                        48: -1.5,
                        49: -1.5,
                        50: -1.5,
                        51: -1.5,
                        52: -1.5,
                        53: -1.5,
                        54: -1.5,
                        55: -1.5,
                        56: -1.5,
                        57: -1.5,
                        58: -1.5,
                        59: -1.5,
                        60: -1.5,
                        61: -1.5,
                        62: -1.5,
                        63: -1.5,
                        64: -1.5,
                        65: -1.5,
                        66: -1.5,
                        67: -1.5,
                        68: -1.5,
                        69: -1.5,
                        70: -1.5,
                        71: -1.5,
                        72: -1.5,
                        73: -1.5,
                        74: -1.5,
                        75: -1.5,
                        76: -1.5,
                        77: -1.5,
                        78: -1.5,
                        79: -1.5,
                        80: -1.5,
                        81: -1.5,
                        82: -1.5,
                        83: -1.5,
                        84: -1.5,
                        85: -1.5,
                        86: -1.5,
                        87: -1.5,
                        88: -1.5,
                        89: -1.5,
                        90: -1.5,
                        91: -1.5,
                        92: -1.5,
                        93: -1.5,
                        94: -1.5,
                        95: -1.5,
                        96: -1.5,
                        97: -1.5,
                        98: -1.5,
                        99: -1.5,
                        100: -1.5,
                        101: -1.5,
                        102: -1.5,
                        103: -1.5,
                        104: -1.5,
                        105: -1.5,
                        106: -1.5,
                        107: -1.5,
                        108: -1.5,
                        109: -1.5,
                        110: -1.5,
                        111: -1.5,
                        112: -1.5,
                        113: -1.5,
                        114: -1.5,
                        115: -1.5,
                        116: -1.5,
                        117: -1.5,
                        118: -1.5,
                        119: -1.5,
                        120: -1.5,
                        121: -1.5,
                        122: -1.5,
                        123: -1.5,
                        124: -1.5,
                        125: -1.5,
                        126: -1.5,
                        127: -1.5,
                        128: -1.5,
                        129: -1.5,
                        130: -1.5,
                        131: -1.5,
                        132: -1.5,
                        133: -1.5,
                        134: -1.5,
                        135: -1.5,
                        136: -1.5,
                        137: -1.5,
                        138: -1.5,
                        139: -1.5,
                        140: -1.5,
                        141: -1.5,
                        142: -1.5,
                        143: -1.5,
                        144: -1.5,
                        145: -1.5,
                        146: -1.5,
                        147: -1.5,
                        148: -1.5,
                        149: -1.5,
                        150: -1.5,
                        151: -1.5,
                        152: -1.5,
                        153: -1.5,
                        154: -1.5,
                        155: -1.5,
                        156: -1.5,
                        157: -1.5,
                        158: -1.5,
                        159: -1.5,
                        160: -1.5,
                        161: -1.5,
                        162: -1.5,
                        163: -1.5,
                        164: -1.5,
                        165: -1.5,
                        166: -1.5,
                        167: -1.5,
                        168: -1.5,
                        169: -1.5,
                        170: -1.5,
                        171: -1.5,
                        172: -1.5,
                        173: -1.5,
                        174: -1.5,
                        175: -1.5,
                        176: -1.5,
                        177: -1.5,
                        178: -1.5,
                        179: -1.5,
                        180: -1.5,
                        181: -1.4980643,
                        182: -1.4924333,
                        183: -1.4833708,
                        184: -1.4711409,
                        185: -1.4560074,
                        186: -1.4382344,
                        187: -1.4180858,
                        188: -1.3958255,
                        189: -1.3717176,
                        190: -1.346026,
                        191: -1.3190144,
                        192: -1.2909472,
                        193: -1.2620881,
                        194: -1.2327011,
                        195: -1.20305,
                        196: -1.173399,
                        197: -1.144012,
                        198: -1.1151528,
                        199: -1.0870855,
                        200: -1.0600741,
                        201: -1.0343823,
                        202: -1.0102744,
                        203: -0.9880142,
                        204: -0.9678656,
                        205: -0.9500926,
                        206: -0.9349591,
                        207: -0.9227292,
                        208: -0.9136667,
                        209: -0.9080357,
                        210: -0.9061,
                        211: -0.9061,
                        212: -0.9061,
                        213: -0.9061,
                        214: -0.9061,
                        215: -0.9061,
                        216: -0.9061,
                        217: -0.9061,
                        218: -0.9061,
                        219: -0.9061,
                        220: -0.9061,
                        221: -0.9061,
                        222: -0.9061,
                        223: -0.9061,
                        224: -0.9061,
                        225: -0.9061,
                        226: -0.9061,
                        227: -0.9061,
                        228: -0.9061,
                        229: -0.9061,
                        230: -0.9061,
                        231: -0.9061,
                        232: -0.9061,
                        233: -0.9061,
                        234: -0.9061,
                        235: -0.9061,
                        236: -0.9061,
                        237: -0.9061,
                        238: -0.9061,
                        239: -0.9061,
                        240: -0.9061,
                        241: -0.90580666,
                        242: -0.90495336,
                        243: -0.90358,
                        244: -0.90172666,
                        245: -0.8994333,
                        246: -0.89674,
                        247: -0.89368665,
                        248: -0.8903133,
                        249: -0.88666,
                        250: -0.88276666,
                        251: -0.8786733,
                        252: -0.87442,
                        253: -0.8700467,
                        254: -0.8655933,
                        255: -0.8611,
                        256: -0.85660666,
                        257: -0.85215336,
                        258: -0.84778,
                        259: -0.84352666,
                        260: -0.8394333,
                        261: -0.83554,
                        262: -0.83188665,
                        263: -0.8285133,
                        264: -0.82546,
                        265: -0.82276666,
                        266: -0.8204733,
                        267: -0.81862,
                        268: -0.8172467,
                        269: -0.8163933,
                        270: -0.8161,
                        271: -0.8161,
                        272: -0.8161,
                        273: -0.8161,
                        274: -0.8161,
                        275: -0.8161,
                        276: -0.8161,
                        277: -0.8161,
                        278: -0.8161,
                        279: -0.8161,
                        280: -0.8161,
                        281: -0.8161,
                        282: -0.8161,
                        283: -0.8161,
                        284: -0.8161,
                        285: -0.8161,
                        286: -0.8161,
                        287: -0.8161,
                        288: -0.8161,
                        289: -0.8161,
                        290: -0.8161,
                        291: -0.8161,
                        292: -0.8161,
                        293: -0.8161,
                        294: -0.8161,
                        295: -0.8161,
                        296: -0.8161,
                        297: -0.8161,
                        298: -0.8161,
                        299: -0.8161,
                        300: -0.8161,
                        301: -0.8161,
                        302: -0.8161,
                        303: -0.8161,
                        304: -0.8161,
                        305: -0.8161,
                        306: -0.8161,
                        307: -0.8161,
                        308: -0.8161,
                        309: -0.8161,
                        310: -0.8161,
                        311: -0.8161,
                        312: -0.8161,
                        313: -0.8161,
                        314: -0.8161,
                        315: -0.8161,
                        316: -0.8161,
                        317: -0.8161,
                        318: -0.8161,
                        319: -0.8161,
                        320: -0.8161,
                        321: -0.8161,
                        322: -0.8161,
                        323: -0.8161,
                        324: -0.8161,
                        325: -0.8161,
                        326: -0.8161,
                        327: -0.8161,
                        328: -0.8161,
                        329: -0.8161,
                        330: -0.8161,
                        331: -0.8161,
                        332: -0.8161,
                        333: -0.8161,
                        334: -0.8161,
                        335: -0.8161,
                        336: -0.8161,
                        337: -0.8161,
                        338: -0.8161,
                        339: -0.8161,
                        340: -0.8161,
                        341: -0.8161,
                        342: -0.8161,
                        343: -0.8161,
                        344: -0.8161,
                        345: -0.8161,
                        346: -0.8161,
                        347: -0.8161,
                        348: -0.8161,
                        349: -0.8161,
                        350: -0.8161,
                        351: -0.8161,
                        352: -0.8161,
                        353: -0.8161,
                        354: -0.8161,
                        355: -0.8161,
                        356: -0.8161,
                        357: -0.8161,
                        358: -0.8161,
                        359: -0.8161,
                        360: -0.8161,
                        361: -0.8161,
                        362: -0.8161,
                        363: -0.8161,
                        364: -0.8161,
                        365: -0.8161,
                        366: -0.8161,
                        367: -0.8161,
                        368: -0.8161,
                        369: -0.8161,
                        370: -0.8161,
                        371: -0.8161,
                        372: -0.8161,
                        373: -0.8161,
                        374: -0.8161,
                        375: -0.8161,
                        376: -0.8161,
                        377: -0.8161,
                        378: -0.8161,
                        379: -0.8161,
                        380: -0.8161,
                        381: -0.8161,
                        382: -0.8161,
                        383: -0.8161,
                        384: -0.8161,
                        385: -0.8161,
                        386: -0.8161,
                        387: -0.8161,
                        388: -0.8161,
                        389: -0.8161,
                        390: -0.8161,
                        391: -0.8161,
                        392: -0.8161,
                        393: -0.8161,
                        394: -0.8161,
                        395: -0.8161,
                        396: -0.8161,
                        397: -0.8161,
                        398: -0.8161,
                        399: -0.8161,
                        400: -0.8161,
                        401: -0.8161,
                        402: -0.8161,
                        403: -0.8161,
                        404: -0.8161,
                        405: -0.8161,
                        406: -0.8161,
                        407: -0.8161,
                        408: -0.8161,
                        409: -0.8161,
                        410: -0.8161,
                        411: -0.8161,
                        412: -0.8161,
                        413: -0.8161,
                        414: -0.8161,
                        415: -0.8161,
                        416: -0.8161,
                        417: -0.8161,
                        418: -0.8161,
                        419: -0.8161,
                        420: -0.8161,
                        421: -0.8161,
                        422: -0.8161,
                        423: -0.8161,
                        424: -0.8161,
                        425: -0.8161,
                        426: -0.8161,
                        427: -0.8161,
                        428: -0.8161,
                        429: -0.8161,
                        430: -0.8161,
                        431: -0.8161,
                        432: -0.8161,
                        433: -0.8161,
                        434: -0.8161,
                        435: -0.8161,
                        436: -0.8161,
                        437: -0.8161,
                        438: -0.8161,
                        439: -0.8161,
                        440: -0.8161,
                        441: -0.8161,
                        442: -0.8161,
                        443: -0.8161,
                        444: -0.8161,
                        445: -0.8161,
                        446: -0.8161,
                        447: -0.8161,
                        448: -0.8161,
                        449: -0.8161,
                        450: -0.8161,
                        451: -0.8161,
                        452: -0.8161,
                        453: -0.8161,
                        454: -0.8161,
                        455: -0.8161,
                        456: -0.8161,
                        457: -0.8161,
                        458: -0.8161,
                        459: -0.8161,
                        460: -0.8161,
                        461: -0.8161,
                        462: -0.8161,
                        463: -0.8161,
                        464: -0.8161,
                        465: -0.8161,
                        466: -0.8161,
                        467: -0.8161,
                        468: -0.8161,
                        469: -0.8161,
                        470: -0.8161,
                        471: -0.8161,
                        472: -0.8161,
                        473: -0.8161,
                        474: -0.8161,
                        475: -0.8161,
                        476: -0.8161,
                        477: -0.8161,
                        478: -0.8161,
                        479: -0.8161,
                        480: -0.8161,
                        481: -0.8161,
                        482: -0.8161,
                        483: -0.8161,
                        484: -0.8161,
                        485: -0.8161,
                        486: -0.8161,
                        487: -0.8161,
                        488: -0.8161,
                        489: -0.8161,
                        490: -0.8161,
                        491: -0.8161,
                        492: -0.8161,
                        493: -0.8161,
                        494: -0.8161,
                        495: -0.8161,
                        496: -0.8161,
                        497: -0.8161,
                        498: -0.8161,
                        499: -0.8161,
                        500: -0.8161,
                        501: -0.8161,
                        502: -0.8161,
                        503: -0.8161,
                        504: -0.8161,
                        505: -0.8161,
                        506: -0.8161,
                        507: -0.8161,
                        508: -0.8161,
                        509: -0.8161,
                        510: -0.8161,
                        511: -0.8161,
                        512: -0.8161,
                        513: -0.8161,
                        514: -0.8161,
                        515: -0.8161,
                        516: -0.8161,
                        517: -0.8161,
                        518: -0.8161,
                        519: -0.8161,
                        520: -0.8161,
                        521: -0.8161,
                        522: -0.8161,
                        523: -0.8161,
                        524: -0.8161,
                        525: -0.8161,
                        526: -0.8161,
                        527: -0.8161,
                        528: -0.8161,
                        529: -0.8161,
                        530: -0.8161,
                        531: -0.8161,
                        532: -0.8161,
                        533: -0.8161,
                        534: -0.8161,
                        535: -0.8161,
                        536: -0.8161,
                        537: -0.8161,
                        538: -0.8161,
                        539: -0.8161,
                        540: -0.8161,
                        541: -0.8161,
                        542: -0.8161,
                        543: -0.8161,
                        544: -0.8161,
                        545: -0.8161,
                        546: -0.8161,
                        547: -0.8161,
                        548: -0.8161,
                        549: -0.8161,
                        550: -0.8161,
                        551: -0.8161,
                        552: -0.8161,
                        553: -0.8161,
                        554: -0.8161,
                        555: -0.8161,
                        556: -0.8161,
                        557: -0.8161,
                        558: -0.8161,
                        559: -0.8161,
                        560: -0.8161,
                        561: -0.8161,
                        562: -0.8161,
                        563: -0.8161,
                        564: -0.8161,
                        565: -0.8161,
                        566: -0.8161,
                        567: -0.8161,
                        568: -0.8161,
                        569: -0.8161,
                        570: -0.8161,
                        571: -0.8161,
                        572: -0.8161,
                        573: -0.8161,
                        574: -0.8161,
                        575: -0.8161,
                        576: -0.8161,
                        577: -0.8161,
                        578: -0.8161,
                        579: -0.8161,
                        580: -0.8161,
                        581: -0.8161,
                        582: -0.8161,
                        583: -0.8161,
                        584: -0.8161,
                        585: -0.8161,
                        586: -0.8161,
                        587: -0.8161,
                        588: -0.8161,
                        589: -0.8161,
                        590: -0.8161,
                        591: -0.8161,
                        592: -0.8161,
                        593: -0.8161,
                        594: -0.8161,
                        595: -0.8161,
                        596: -0.8161,
                        597: -0.8161,
                        598: -0.8161,
                        599: -0.8161,
                        600: -0.8161,
                        601: -0.8161,
                        602: -0.8161,
                        603: -0.8161,
                        604: -0.8161,
                        605: -0.8161,
                        606: -0.8161,
                        607: -0.8161,
                        608: -0.8161,
                        609: -0.8161,
                        610: -0.8161,
                        611: -0.8161,
                        612: -0.8161,
                        613: -0.8161,
                        614: -0.8161,
                        615: -0.8161,
                        616: -0.8161,
                        617: -0.8161,
                        618: -0.8161,
                        619: -0.8161,
                        620: -0.8161,
                        621: -0.8161,
                        622: -0.8161,
                        623: -0.8161,
                        624: -0.8161,
                        625: -0.8161,
                        626: -0.8161,
                        627: -0.8161,
                        628: -0.8161,
                        629: -0.8161,
                        630: -0.8161,
                        631: -0.8161,
                        632: -0.8161,
                        633: -0.8161,
                        634: -0.8161,
                        635: -0.8161,
                        636: -0.8161,
                        637: -0.8161,
                        638: -0.8161,
                        639: -0.8161,
                        640: -0.8161,
                        641: -0.8161,
                        642: -0.8161,
                        643: -0.8161,
                        644: -0.8161,
                        645: -0.8161,
                        646: -0.8161,
                        647: -0.8161,
                        648: -0.8161,
                        649: -0.8161,
                        650: -0.8161,
                        651: -0.8161,
                        652: -0.8161,
                        653: -0.8161,
                        654: -0.8161,
                        655: -0.8161,
                        656: -0.8161,
                        657: -0.8161,
                        658: -0.8161,
                        659: -0.8161,
                        660: -0.8161,
                        661: -0.81832904,
                        662: -0.82481337,
                        663: -0.8352492,
                        664: -0.84933245,
                        665: -0.86675924,
                        666: -0.8872256,
                        667: -0.9104276,
                        668: -0.93606114,
                        669: -0.9638224,
                        670: -0.9934074,
                        671: -1.0245122,
                        672: -1.0568328,
                        673: -1.0900652,
                        674: -1.1239057,
                        675: -1.15805,
                        676: -1.1921943,
                        677: -1.2260348,
                        678: -1.2592672,
                        679: -1.2915878,
                        680: -1.3226926,
                        681: -1.3522776,
                        682: -1.3800389,
                        683: -1.4056724,
                        684: -1.4288744,
                        685: -1.4493407,
                        686: -1.4667675,
                        687: -1.4808508,
                        688: -1.4912866,
                        689: -1.497771,
                        690: -1.5,
                        691: -1.5,
                        692: -1.5,
                        693: -1.5,
                        694: -1.5,
                        695: -1.5,
                        696: -1.5,
                        697: -1.5,
                        698: -1.5,
                        699: -1.5,
                        700: -1.5,
                        701: -1.5,
                        702: -1.5,
                        703: -1.5,
                        704: -1.5,
                        705: -1.5,
                        706: -1.5,
                        707: -1.5,
                        708: -1.5,
                        709: -1.5,
                        710: -1.5,
                        711: -1.5,
                        712: -1.5,
                        713: -1.5,
                        714: -1.5,
                        715: -1.5,
                        716: -1.5,
                        717: -1.5,
                        718: -1.5,
                        719: -1.5,
                        720: -1.5,
                    }
                }

                over "arm_r_joint5"
                {
                    float drive:angular:physics:targetPosition.timeSamples = {
                        0: 0,
                        1: 0,
                        2: 0,
                        3: 0,
                        4: 0,
                        5: 0,
                        6: 0,
                        7: 0,
                        8: 0,
                        9: 0,
                        10: 0,
                        11: 0,
                        12: 0,
                        13: 0,
                        14: 0,
                        15: 0,
                        16: 0,
                        17: 0,
                        18: 0,
                        19: 0,
                        20: 0,
                        21: 0,
                        22: 0,
                        23: 0,
                        24: 0,
                        25: 0,
                        26: 0,
                        27: 0,
                        28: 0,
                        29: 0,
                        30: 0,
                        31: 0,
                        32: 0,
                        33: 0,
                        34: 0,
                        35: 0,
                        36: 0,
                        37: 0,
                        38: 0,
                        39: 0,
                        40: 0,
                        41: 0,
                        42: 0,
                        43: 0,
                        44: 0,
                        45: 0,
                        46: 0,
                        47: 0,
                        48: 0,
                        49: 0,
                        50: 0,
                        51: 0,
                        52: 0,
                        53: 0,
                        54: 0,
                        55: 0,
                        56: 0,
                        57: 0,
                        58: 0,
                        59: 0,
                        60: 0,
                        61: 0,
                        62: 0,
                        63: 0,
                        64: 0,
                        65: 0,
                        66: 0,
                        67: 0,
                        68: 0,
                        69: 0,
                        70: 0,
                        71: 0,
                        72: 0,
                        73: 0,
                        74: 0,
                        75: 0,
                        76: 0,
                        77: 0,
                        78: 0,
                        79: 0,
                        80: 0,
                        81: 0,
                        82: 0,
                        83: 0,
                        84: 0,
                        85: 0,
                        86: 0,
                        87: 0,
                        88: 0,
                        89: 0,
                        90: 0,
                        91: 0,
                        92: 0,
                        93: 0,
                        94: 0,
                        95: 0,
                        96: 0,
                        97: 0,
                        98: 0,
                        99: 0,
                        100: 0,
                        101: 0,
                        102: 0,
                        103: 0,
                        104: 0,
                        105: 0,
                        106: 0,
                        107: 0,
                        108: 0,
                        109: 0,
                        110: 0,
                        111: 0,
                        112: 0,
                        113: 0,
                        114: 0,
                        115: 0,
                        116: 0,
                        117: 0,
                        118: 0,
                        119: 0,
                        120: 0,
                        121: 0,
                        122: 0,
                        123: 0,
                        124: 0,
                        125: 0,
                        126: 0,
                        127: 0,
                        128: 0,
                        129: 0,
                        130: 0,
                        131: 0,
                        132: 0,
                        133: 0,
                        134: 0,
                        135: 0,
                        136: 0,
                        137: 0,
                        138: 0,
                        139: 0,
                        140: 0,
                        141: 0,
                        142: 0,
                        143: 0,
                        144: 0,
                        145: 0,
                        146: 0,
                        147: 0,
                        148: 0,
                        149: 0,
                        150: 0,
                        151: 0,
                        152: 0,
                        153: 0,
                        154: 0,
                        155: 0,
                        156: 0,
                        157: 0,
                        158: 0,
                        159: 0,
                        160: 0,
                        161: 0,
                        162: 0,
                        163: 0,
                        164: 0,
                        165: 0,
                        166: 0,
                        167: 0,
                        168: 0,
                        169: 0,
                        170: 0,
                        171: 0,
                        172: 0,
                        173: 0,
                        174: 0,
                        175: 0,
                        176: 0,
                        177: 0,
                        178: 0,
                        179: 0,
                        180: 0,
                        181: -0.0018251851,
                        182: -0.0071348147,
                        183: -0.01568,
                        184: -0.027211852,
                        185: -0.04148148,
                        186: -0.05824,
                        187: -0.077238515,
                        188: -0.09822815,
                        189: -0.12096,
                        190: -0.14518519,
                        191: -0.17065482,
                        192: -0.19712,
                        193: -0.22433186,
                        194: -0.2520415,
                        195: -0.28,
                        196: -0.3079585,
                        197: -0.33566815,
                        198: -0.36288,
                        199: -0.3893452,
                        200: -0.4148148,
                        201: -0.43904,
                        202: -0.46177185,
                        203: -0.48276147,
                        204: -0.50176,
                        205: -0.5185185,
                        206: -0.53278816,
                        207: -0.54432,
                        208: -0.5528652,
                        209: -0.5581748,
                        210: -0.56,
                        211: -0.56,
                        212: -0.56,
                        213: -0.56,
                        214: -0.56,
                        215: -0.56,
                        216: -0.56,
                        217: -0.56,
                        218: -0.56,
                        219: -0.56,
                        220: -0.56,
                        221: -0.56,
                        222: -0.56,
                        223: -0.56,
                        224: -0.56,
                        225: -0.56,
                        226: -0.56,
                        227: -0.56,
                        228: -0.56,
                        229: -0.56,
                        230: -0.56,
                        231: -0.56,
                        232: -0.56,
                        233: -0.56,
                        234: -0.56,
                        235: -0.56,
                        236: -0.56,
                        237: -0.56,
                        238: -0.56,
                        239: -0.56,
                        240: -0.56,
                        241: -0.56068444,
                        242: -0.56267554,
                        243: -0.56588,
                        244: -0.57020444,
                        245: -0.57555556,
                        246: -0.58184,
                        247: -0.58896446,
                        248: -0.59683555,
                        249: -0.60536,
                        250: -0.61444443,
                        251: -0.62399554,
                        252: -0.63392,
                        253: -0.64412445,
                        254: -0.65451556,
                        255: -0.665,
                        256: -0.6754844,
                        257: -0.68587554,
                        258: -0.69608,
                        259: -0.70600444,
                        260: -0.71555555,
                        261: -0.72464,
                        262: -0.7331644,
                        263: -0.7410356,
                        264: -0.74816,
                        265: -0.7544444,
                        266: -0.75979555,
                        267: -0.76412,
                        268: -0.76732445,
                        269: -0.76931554,
                        270: -0.77,
                        271: -0.77,
                        272: -0.77,
                        273: -0.77,
                        274: -0.77,
                        275: -0.77,
                        276: -0.77,
                        277: -0.77,
                        278: -0.77,
                        279: -0.77,
                        280: -0.77,
                        281: -0.77,
                        282: -0.77,
                        283: -0.77,
                        284: -0.77,
                        285: -0.77,
                        286: -0.77,
                        287: -0.77,
                        288: -0.77,
                        289: -0.77,
                        290: -0.77,
                        291: -0.77,
                        292: -0.77,
                        293: -0.77,
                        294: -0.77,
                        295: -0.77,
                        296: -0.77,
                        297: -0.77,
                        298: -0.77,
                        299: -0.77,
                        300: -0.77,
                        301: -0.77,
                        302: -0.77,
                        303: -0.77,
                        304: -0.77,
                        305: -0.77,
                        306: -0.77,
                        307: -0.77,
                        308: -0.77,
                        309: -0.77,
                        310: -0.77,
                        311: -0.77,
                        312: -0.77,
                        313: -0.77,
                        314: -0.77,
                        315: -0.77,
                        316: -0.77,
                        317: -0.77,
                        318: -0.77,
                        319: -0.77,
                        320: -0.77,
                        321: -0.77,
                        322: -0.77,
                        323: -0.77,
                        324: -0.77,
                        325: -0.77,
                        326: -0.77,
                        327: -0.77,
                        328: -0.77,
                        329: -0.77,
                        330: -0.77,
                        331: -0.77,
                        332: -0.77,
                        333: -0.77,
                        334: -0.77,
                        335: -0.77,
                        336: -0.77,
                        337: -0.77,
                        338: -0.77,
                        339: -0.77,
                        340: -0.77,
                        341: -0.77,
                        342: -0.77,
                        343: -0.77,
                        344: -0.77,
                        345: -0.77,
                        346: -0.77,
                        347: -0.77,
                        348: -0.77,
                        349: -0.77,
                        350: -0.77,
                        351: -0.77,
                        352: -0.77,
                        353: -0.77,
                        354: -0.77,
                        355: -0.77,
                        356: -0.77,
                        357: -0.77,
                        358: -0.77,
                        359: -0.77,
                        360: -0.77,
                        361: -0.76967406,
                        362: -0.76872593,
                        363: -0.7672,
                        364: -0.7651407,
                        365: -0.7625926,
                        366: -0.7596,
                        367: -0.7562074,
                        368: -0.7524593,
                        369: -0.7484,
                        370: -0.74407405,
                        371: -0.7395259,
                        372: -0.7348,
                        373: -0.7299407,
                        374: -0.7249926,
                        375: -0.72,
                        376: -0.7150074,
                        377: -0.7100593,
                        378: -0.7052,
                        379: -0.7004741,
                        380: -0.69592595,
                        381: -0.6916,
                        382: -0.68754077,
                        383: -0.6837926,
                        384: -0.6804,
                        385: -0.6774074,
                        386: -0.6748593,
                        387: -0.6728,
                        388: -0.67127407,
                        389: -0.67032593,
                        390: -0.67,
                        391: -0.67,
                        392: -0.67,
                        393: -0.67,
                        394: -0.67,
                        395: -0.67,
                        396: -0.67,
                        397: -0.67,
                        398: -0.67,
                        399: -0.67,
                        400: -0.67,
                        401: -0.67,
                        402: -0.67,
                        403: -0.67,
                        404: -0.67,
                        405: -0.67,
                        406: -0.67,
                        407: -0.67,
                        408: -0.67,
                        409: -0.67,
                        410: -0.67,
                        411: -0.67,
                        412: -0.67,
                        413: -0.67,
                        414: -0.67,
                        415: -0.67,
                        416: -0.67,
                        417: -0.67,
                        418: -0.67,
                        419: -0.67,
                        420: -0.67,
                        421: -0.67,
                        422: -0.67,
                        423: -0.67,
                        424: -0.67,
                        425: -0.67,
                        426: -0.67,
                        427: -0.67,
                        428: -0.67,
                        429: -0.67,
                        430: -0.67,
                        431: -0.67,
                        432: -0.67,
                        433: -0.67,
                        434: -0.67,
                        435: -0.67,
                        436: -0.67,
                        437: -0.67,
                        438: -0.67,
                        439: -0.67,
                        440: -0.67,
                        441: -0.67,
                        442: -0.67,
                        443: -0.67,
                        444: -0.67,
                        445: -0.67,
                        446: -0.67,
                        447: -0.67,
                        448: -0.67,
                        449: -0.67,
                        450: -0.67,
                        451: -0.67,
                        452: -0.67,
                        453: -0.67,
                        454: -0.67,
                        455: -0.67,
                        456: -0.67,
                        457: -0.67,
                        458: -0.67,
                        459: -0.67,
                        460: -0.67,
                        461: -0.67,
                        462: -0.67,
                        463: -0.67,
                        464: -0.67,
                        465: -0.67,
                        466: -0.67,
                        467: -0.67,
                        468: -0.67,
                        469: -0.67,
                        470: -0.67,
                        471: -0.67,
                        472: -0.67,
                        473: -0.67,
                        474: -0.67,
                        475: -0.67,
                        476: -0.67,
                        477: -0.67,
                        478: -0.67,
                        479: -0.67,
                        480: -0.67,
                        481: -0.67,
                        482: -0.67,
                        483: -0.67,
                        484: -0.67,
                        485: -0.67,
                        486: -0.67,
                        487: -0.67,
                        488: -0.67,
                        489: -0.67,
                        490: -0.67,
                        491: -0.67,
                        492: -0.67,
                        493: -0.67,
                        494: -0.67,
                        495: -0.67,
                        496: -0.67,
                        497: -0.67,
                        498: -0.67,
                        499: -0.67,
                        500: -0.67,
                        501: -0.67,
                        502: -0.67,
                        503: -0.67,
                        504: -0.67,
                        505: -0.67,
                        506: -0.67,
                        507: -0.67,
                        508: -0.67,
                        509: -0.67,
                        510: -0.67,
                        511: -0.67,
                        512: -0.67,
                        513: -0.67,
                        514: -0.67,
                        515: -0.67,
                        516: -0.67,
                        517: -0.67,
                        518: -0.67,
                        519: -0.67,
                        520: -0.67,
                        521: -0.67,
                        522: -0.67,
                        523: -0.67,
                        524: -0.67,
                        525: -0.67,
                        526: -0.67,
                        527: -0.67,
                        528: -0.67,
                        529: -0.67,
                        530: -0.67,
                        531: -0.67,
                        532: -0.67,
                        533: -0.67,
                        534: -0.67,
                        535: -0.67,
                        536: -0.67,
                        537: -0.67,
                        538: -0.67,
                        539: -0.67,
                        540: -0.67,
                        541: -0.67,
                        542: -0.67,
                        543: -0.67,
                        544: -0.67,
                        545: -0.67,
                        546: -0.67,
                        547: -0.67,
                        548: -0.67,
                        549: -0.67,
                        550: -0.67,
                        551: -0.67,
                        552: -0.67,
                        553: -0.67,
                        554: -0.67,
                        555: -0.67,
                        556: -0.67,
                        557: -0.67,
                        558: -0.67,
                        559: -0.67,
                        560: -0.67,
                        561: -0.67,
                        562: -0.67,
                        563: -0.67,
                        564: -0.67,
                        565: -0.67,
                        566: -0.67,
                        567: -0.67,
                        568: -0.67,
                        569: -0.67,
                        570: -0.67,
                        571: -0.67,
                        572: -0.67,
                        573: -0.67,
                        574: -0.67,
                        575: -0.67,
                        576: -0.67,
                        577: -0.67,
                        578: -0.67,
                        579: -0.67,
                        580: -0.67,
                        581: -0.67,
                        582: -0.67,
                        583: -0.67,
                        584: -0.67,
                        585: -0.67,
                        586: -0.67,
                        587: -0.67,
                        588: -0.67,
                        589: -0.67,
                        590: -0.67,
                        591: -0.67,
                        592: -0.67,
                        593: -0.67,
                        594: -0.67,
                        595: -0.67,
                        596: -0.67,
                        597: -0.67,
                        598: -0.67,
                        599: -0.67,
                        600: -0.67,
                        601: -0.67,
                        602: -0.67,
                        603: -0.67,
                        604: -0.67,
                        605: -0.67,
                        606: -0.67,
                        607: -0.67,
                        608: -0.67,
                        609: -0.67,
                        610: -0.67,
                        611: -0.67,
                        612: -0.67,
                        613: -0.67,
                        614: -0.67,
                        615: -0.67,
                        616: -0.67,
                        617: -0.67,
                        618: -0.67,
                        619: -0.67,
                        620: -0.67,
                        621: -0.67,
                        622: -0.67,
                        623: -0.67,
                        624: -0.67,
                        625: -0.67,
                        626: -0.67,
                        627: -0.67,
                        628: -0.67,
                        629: -0.67,
                        630: -0.67,
                        631: -0.67,
                        632: -0.67,
                        633: -0.67,
                        634: -0.67,
                        635: -0.67,
                        636: -0.67,
                        637: -0.67,
                        638: -0.67,
                        639: -0.67,
                        640: -0.67,
                        641: -0.67,
                        642: -0.67,
                        643: -0.67,
                        644: -0.67,
                        645: -0.67,
                        646: -0.67,
                        647: -0.67,
                        648: -0.67,
                        649: -0.67,
                        650: -0.67,
                        651: -0.67,
                        652: -0.67,
                        653: -0.67,
                        654: -0.67,
                        655: -0.67,
                        656: -0.67,
                        657: -0.67,
                        658: -0.67,
                        659: -0.67,
                        660: -0.67,
                        661: -0.6678163,
                        662: -0.6614637,
                        663: -0.65124,
                        664: -0.63744295,
                        665: -0.6203704,
                        666: -0.60032,
                        667: -0.57758963,
                        668: -0.55247706,
                        669: -0.52528,
                        670: -0.4962963,
                        671: -0.4658237,
                        672: -0.43416,
                        673: -0.40160295,
                        674: -0.36845037,
                        675: -0.335,
                        676: -0.30154964,
                        677: -0.26839703,
                        678: -0.23584,
                        679: -0.20417629,
                        680: -0.1737037,
                        681: -0.14472,
                        682: -0.11752296,
                        683: -0.09241037,
                        684: -0.06968,
                        685: -0.04962963,
                        686: -0.032557037,
                        687: -0.01876,
                        688: -0.008536296,
                        689: -0.0021837037,
                        690: 0,
                        691: 0,
                        692: 0,
                        693: 0,
                        694: 0,
                        695: 0,
                        696: 0,
                        697: 0,
                        698: 0,
                        699: 0,
                        700: 0,
                        701: 0,
                        702: 0,
                        703: 0,
                        704: 0,
                        705: 0,
                        706: 0,
                        707: 0,
                        708: 0,
                        709: 0,
                        710: 0,
                        711: 0,
                        712: 0,
                        713: 0,
                        714: 0,
                        715: 0,
                        716: 0,
                        717: 0,
                        718: 0,
                        719: 0,
                        720: 0,
                    }
                }

                over "arm_r_joint6"
                {
                    float drive:angular:physics:targetPosition.timeSamples = {
                        0: 0,
                        1: 0,
                        2: 0,
                        3: 0,
                        4: 0,
                        5: 0,
                        6: 0,
                        7: 0,
                        8: 0,
                        9: 0,
                        10: 0,
                        11: 0,
                        12: 0,
                        13: 0,
                        14: 0,
                        15: 0,
                        16: 0,
                        17: 0,
                        18: 0,
                        19: 0,
                        20: 0,
                        21: 0,
                        22: 0,
                        23: 0,
                        24: 0,
                        25: 0,
                        26: 0,
                        27: 0,
                        28: 0,
                        29: 0,
                        30: 0,
                        31: 0,
                        32: 0,
                        33: 0,
                        34: 0,
                        35: 0,
                        36: 0,
                        37: 0,
                        38: 0,
                        39: 0,
                        40: 0,
                        41: 0,
                        42: 0,
                        43: 0,
                        44: 0,
                        45: 0,
                        46: 0,
                        47: 0,
                        48: 0,
                        49: 0,
                        50: 0,
                        51: 0,
                        52: 0,
                        53: 0,
                        54: 0,
                        55: 0,
                        56: 0,
                        57: 0,
                        58: 0,
                        59: 0,
                        60: 0,
                        61: 0,
                        62: 0,
                        63: 0,
                        64: 0,
                        65: 0,
                        66: 0,
                        67: 0,
                        68: 0,
                        69: 0,
                        70: 0,
                        71: 0,
                        72: 0,
                        73: 0,
                        74: 0,
                        75: 0,
                        76: 0,
                        77: 0,
                        78: 0,
                        79: 0,
                        80: 0,
                        81: 0,
                        82: 0,
                        83: 0,
                        84: 0,
                        85: 0,
                        86: 0,
                        87: 0,
                        88: 0,
                        89: 0,
                        90: 0,
                        91: 0,
                        92: 0,
                        93: 0,
                        94: 0,
                        95: 0,
                        96: 0,
                        97: 0,
                        98: 0,
                        99: 0,
                        100: 0,
                        101: 0,
                        102: 0,
                        103: 0,
                        104: 0,
                        105: 0,
                        106: 0,
                        107: 0,
                        108: 0,
                        109: 0,
                        110: 0,
                        111: 0,
                        112: 0,
                        113: 0,
                        114: 0,
                        115: 0,
                        116: 0,
                        117: 0,
                        118: 0,
                        119: 0,
                        120: 0,
                        121: 0,
                        122: 0,
                        123: 0,
                        124: 0,
                        125: 0,
                        126: 0,
                        127: 0,
                        128: 0,
                        129: 0,
                        130: 0,
                        131: 0,
                        132: 0,
                        133: 0,
                        134: 0,
                        135: 0,
                        136: 0,
                        137: 0,
                        138: 0,
                        139: 0,
                        140: 0,
                        141: 0,
                        142: 0,
                        143: 0,
                        144: 0,
                        145: 0,
                        146: 0,
                        147: 0,
                        148: 0,
                        149: 0,
                        150: 0,
                        151: 0,
                        152: 0,
                        153: 0,
                        154: 0,
                        155: 0,
                        156: 0,
                        157: 0,
                        158: 0,
                        159: 0,
                        160: 0,
                        161: 0,
                        162: 0,
                        163: 0,
                        164: 0,
                        165: 0,
                        166: 0,
                        167: 0,
                        168: 0,
                        169: 0,
                        170: 0,
                        171: 0,
                        172: 0,
                        173: 0,
                        174: 0,
                        175: 0,
                        176: 0,
                        177: 0,
                        178: 0,
                        179: 0,
                        180: 0,
                        181: 0.003031111,
                        182: 0.011848889,
                        183: 0.02604,
                        184: 0.045191113,
                        185: 0.06888889,
                        186: 0.09672,
                        187: 0.12827112,
                        188: 0.16312888,
                        189: 0.20088,
                        190: 0.24111111,
                        191: 0.28340888,
                        192: 0.32736,
                        193: 0.3725511,
                        194: 0.41856888,
                        195: 0.465,
                        196: 0.5114311,
                        197: 0.55744886,
                        198: 0.60264,
                        199: 0.6465911,
                        200: 0.6888889,
                        201: 0.72912,
                        202: 0.7668711,
                        203: 0.8017289,
                        204: 0.83328,
                        205: 0.8611111,
                        206: 0.8848089,
                        207: 0.90396,
                        208: 0.91815114,
                        209: 0.9269689,
                        210: 0.93,
                        211: 0.93,
                        212: 0.93,
                        213: 0.93,
                        214: 0.93,
                        215: 0.93,
                        216: 0.93,
                        217: 0.93,
                        218: 0.93,
                        219: 0.93,
                        220: 0.93,
                        221: 0.93,
                        222: 0.93,
                        223: 0.93,
                        224: 0.93,
                        225: 0.93,
                        226: 0.93,
                        227: 0.93,
                        228: 0.93,
                        229: 0.93,
                        230: 0.93,
                        231: 0.93,
                        232: 0.93,
                        233: 0.93,
                        234: 0.93,
                        235: 0.93,
                        236: 0.93,
                        237: 0.93,
                        238: 0.93,
                        239: 0.93,
                        240: 0.93,
                        241: 0.93,
                        242: 0.93,
                        243: 0.93,
                        244: 0.93,
                        245: 0.93,
                        246: 0.93,
                        247: 0.93,
                        248: 0.93,
                        249: 0.93,
                        250: 0.93,
                        251: 0.93,
                        252: 0.93,
                        253: 0.93,
                        254: 0.93,
                        255: 0.93,
                        256: 0.93,
                        257: 0.93,
                        258: 0.93,
                        259: 0.93,
                        260: 0.93,
                        261: 0.93,
                        262: 0.93,
                        263: 0.93,
                        264: 0.93,
                        265: 0.93,
                        266: 0.93,
                        267: 0.93,
                        268: 0.93,
                        269: 0.93,
                        270: 0.93,
                        271: 0.93,
                        272: 0.93,
                        273: 0.93,
                        274: 0.93,
                        275: 0.93,
                        276: 0.93,
                        277: 0.93,
                        278: 0.93,
                        279: 0.93,
                        280: 0.93,
                        281: 0.93,
                        282: 0.93,
                        283: 0.93,
                        284: 0.93,
                        285: 0.93,
                        286: 0.93,
                        287: 0.93,
                        288: 0.93,
                        289: 0.93,
                        290: 0.93,
                        291: 0.93,
                        292: 0.93,
                        293: 0.93,
                        294: 0.93,
                        295: 0.93,
                        296: 0.93,
                        297: 0.93,
                        298: 0.93,
                        299: 0.93,
                        300: 0.93,
                        301: 0.93,
                        302: 0.93,
                        303: 0.93,
                        304: 0.93,
                        305: 0.93,
                        306: 0.93,
                        307: 0.93,
                        308: 0.93,
                        309: 0.93,
                        310: 0.93,
                        311: 0.93,
                        312: 0.93,
                        313: 0.93,
                        314: 0.93,
                        315: 0.93,
                        316: 0.93,
                        317: 0.93,
                        318: 0.93,
                        319: 0.93,
                        320: 0.93,
                        321: 0.93,
                        322: 0.93,
                        323: 0.93,
                        324: 0.93,
                        325: 0.93,
                        326: 0.93,
                        327: 0.93,
                        328: 0.93,
                        329: 0.93,
                        330: 0.93,
                        331: 0.93,
                        332: 0.93,
                        333: 0.93,
                        334: 0.93,
                        335: 0.93,
                        336: 0.93,
                        337: 0.93,
                        338: 0.93,
                        339: 0.93,
                        340: 0.93,
                        341: 0.93,
                        342: 0.93,
                        343: 0.93,
                        344: 0.93,
                        345: 0.93,
                        346: 0.93,
                        347: 0.93,
                        348: 0.93,
                        349: 0.93,
                        350: 0.93,
                        351: 0.93,
                        352: 0.93,
                        353: 0.93,
                        354: 0.93,
                        355: 0.93,
                        356: 0.93,
                        357: 0.93,
                        358: 0.93,
                        359: 0.93,
                        360: 0.93,
                        361: 0.9252415,
                        362: 0.91139853,
                        363: 0.88912,
                        364: 0.8590548,
                        365: 0.82185185,
                        366: 0.77816,
                        367: 0.72862816,
                        368: 0.6739052,
                        369: 0.61464,
                        370: 0.5514815,
                        371: 0.4850785,
                        372: 0.41608,
                        373: 0.34513482,
                        374: 0.27289185,
                        375: 0.2,
                        376: 0.12710814,
                        377: 0.054865185,
                        378: -0.01608,
                        379: -0.085078515,
                        380: -0.15148148,
                        381: -0.21464,
                        382: -0.2739052,
                        383: -0.32862815,
                        384: -0.37816,
                        385: -0.42185184,
                        386: -0.45905483,
                        387: -0.48912,
                        388: -0.5113985,
                        389: -0.5252415,
                        390: -0.53,
                        391: -0.53,
                        392: -0.53,
                        393: -0.53,
                        394: -0.53,
                        395: -0.53,
                        396: -0.53,
                        397: -0.53,
                        398: -0.53,
                        399: -0.53,
                        400: -0.53,
                        401: -0.53,
                        402: -0.53,
                        403: -0.53,
                        404: -0.53,
                        405: -0.53,
                        406: -0.53,
                        407: -0.53,
                        408: -0.53,
                        409: -0.53,
                        410: -0.53,
                        411: -0.53,
                        412: -0.53,
                        413: -0.53,
                        414: -0.53,
                        415: -0.53,
                        416: -0.53,
                        417: -0.53,
                        418: -0.53,
                        419: -0.53,
                        420: -0.53,
                        421: -0.53,
                        422: -0.53,
                        423: -0.53,
                        424: -0.53,
                        425: -0.53,
                        426: -0.53,
                        427: -0.53,
                        428: -0.53,
                        429: -0.53,
                        430: -0.53,
                        431: -0.53,
                        432: -0.53,
                        433: -0.53,
                        434: -0.53,
                        435: -0.53,
                        436: -0.53,
                        437: -0.53,
                        438: -0.53,
                        439: -0.53,
                        440: -0.53,
                        441: -0.53,
                        442: -0.53,
                        443: -0.53,
                        444: -0.53,
                        445: -0.53,
                        446: -0.53,
                        447: -0.53,
                        448: -0.53,
                        449: -0.53,
                        450: -0.53,
                        451: -0.53,
                        452: -0.53,
                        453: -0.53,
                        454: -0.53,
                        455: -0.53,
                        456: -0.53,
                        457: -0.53,
                        458: -0.53,
                        459: -0.53,
                        460: -0.53,
                        461: -0.53,
                        462: -0.53,
                        463: -0.53,
                        464: -0.53,
                        465: -0.53,
                        466: -0.53,
                        467: -0.53,
                        468: -0.53,
                        469: -0.53,
                        470: -0.53,
                        471: -0.53,
                        472: -0.53,
                        473: -0.53,
                        474: -0.53,
                        475: -0.53,
                        476: -0.53,
                        477: -0.53,
                        478: -0.53,
                        479: -0.53,
                        480: -0.53,
                        481: -0.53,
                        482: -0.53,
                        483: -0.53,
                        484: -0.53,
                        485: -0.53,
                        486: -0.53,
                        487: -0.53,
                        488: -0.53,
                        489: -0.53,
                        490: -0.53,
                        491: -0.53,
                        492: -0.53,
                        493: -0.53,
                        494: -0.53,
                        495: -0.53,
                        496: -0.53,
                        497: -0.53,
                        498: -0.53,
                        499: -0.53,
                        500: -0.53,
                        501: -0.53,
                        502: -0.53,
                        503: -0.53,
                        504: -0.53,
                        505: -0.53,
                        506: -0.53,
                        507: -0.53,
                        508: -0.53,
                        509: -0.53,
                        510: -0.53,
                        511: -0.53,
                        512: -0.53,
                        513: -0.53,
                        514: -0.53,
                        515: -0.53,
                        516: -0.53,
                        517: -0.53,
                        518: -0.53,
                        519: -0.53,
                        520: -0.53,
                        521: -0.53,
                        522: -0.53,
                        523: -0.53,
                        524: -0.53,
                        525: -0.53,
                        526: -0.53,
                        527: -0.53,
                        528: -0.53,
                        529: -0.53,
                        530: -0.53,
                        531: -0.53,
                        532: -0.53,
                        533: -0.53,
                        534: -0.53,
                        535: -0.53,
                        536: -0.53,
                        537: -0.53,
                        538: -0.53,
                        539: -0.53,
                        540: -0.53,
                        541: -0.53,
                        542: -0.53,
                        543: -0.53,
                        544: -0.53,
                        545: -0.53,
                        546: -0.53,
                        547: -0.53,
                        548: -0.53,
                        549: -0.53,
                        550: -0.53,
                        551: -0.53,
                        552: -0.53,
                        553: -0.53,
                        554: -0.53,
                        555: -0.53,
                        556: -0.53,
                        557: -0.53,
                        558: -0.53,
                        559: -0.53,
                        560: -0.53,
                        561: -0.53,
                        562: -0.53,
                        563: -0.53,
                        564: -0.53,
                        565: -0.53,
                        566: -0.53,
                        567: -0.53,
                        568: -0.53,
                        569: -0.53,
                        570: -0.53,
                        571: -0.53,
                        572: -0.53,
                        573: -0.53,
                        574: -0.53,
                        575: -0.53,
                        576: -0.53,
                        577: -0.53,
                        578: -0.53,
                        579: -0.53,
                        580: -0.53,
                        581: -0.53,
                        582: -0.53,
                        583: -0.53,
                        584: -0.53,
                        585: -0.53,
                        586: -0.53,
                        587: -0.53,
                        588: -0.53,
                        589: -0.53,
                        590: -0.53,
                        591: -0.53,
                        592: -0.53,
                        593: -0.53,
                        594: -0.53,
                        595: -0.53,
                        596: -0.53,
                        597: -0.53,
                        598: -0.53,
                        599: -0.53,
                        600: -0.53,
                        601: -0.53,
                        602: -0.53,
                        603: -0.53,
                        604: -0.53,
                        605: -0.53,
                        606: -0.53,
                        607: -0.53,
                        608: -0.53,
                        609: -0.53,
                        610: -0.53,
                        611: -0.53,
                        612: -0.53,
                        613: -0.53,
                        614: -0.53,
                        615: -0.53,
                        616: -0.53,
                        617: -0.53,
                        618: -0.53,
                        619: -0.53,
                        620: -0.53,
                        621: -0.53,
                        622: -0.53,
                        623: -0.53,
                        624: -0.53,
                        625: -0.53,
                        626: -0.53,
                        627: -0.53,
                        628: -0.53,
                        629: -0.53,
                        630: -0.53,
                        631: -0.53,
                        632: -0.53,
                        633: -0.53,
                        634: -0.53,
                        635: -0.53,
                        636: -0.53,
                        637: -0.53,
                        638: -0.53,
                        639: -0.53,
                        640: -0.53,
                        641: -0.53,
                        642: -0.53,
                        643: -0.53,
                        644: -0.53,
                        645: -0.53,
                        646: -0.53,
                        647: -0.53,
                        648: -0.53,
                        649: -0.53,
                        650: -0.53,
                        651: -0.53,
                        652: -0.53,
                        653: -0.53,
                        654: -0.53,
                        655: -0.53,
                        656: -0.53,
                        657: -0.53,
                        658: -0.53,
                        659: -0.53,
                        660: -0.53,
                        661: -0.52827257,
                        662: -0.5232474,
                        663: -0.51516,
                        664: -0.50424594,
                        665: -0.49074075,
                        666: -0.47488,
                        667: -0.45689926,
                        668: -0.43703407,
                        669: -0.41552,
                        670: -0.39259258,
                        671: -0.36848742,
                        672: -0.34344,
                        673: -0.31768593,
                        674: -0.29146075,
                        675: -0.265,
                        676: -0.23853926,
                        677: -0.21231407,
                        678: -0.18656,
                        679: -0.1615126,
                        680: -0.1374074,
                        681: -0.11448,
                        682: -0.09296592,
                        683: -0.07310074,
                        684: -0.05512,
                        685: -0.03925926,
                        686: -0.025754074,
                        687: -0.01484,
                        688: -0.0067525925,
                        689: -0.0017274074,
                        690: 0,
                        691: 0,
                        692: 0,
                        693: 0,
                        694: 0,
                        695: 0,
                        696: 0,
                        697: 0,
                        698: 0,
                        699: 0,
                        700: 0,
                        701: 0,
                        702: 0,
                        703: 0,
                        704: 0,
                        705: 0,
                        706: 0,
                        707: 0,
                        708: 0,
                        709: 0,
                        710: 0,
                        711: 0,
                        712: 0,
                        713: 0,
                        714: 0,
                        715: 0,
                        716: 0,
                        717: 0,
                        718: 0,
                        719: 0,
                        720: 0,
                    }
                }

                over "arm_r_joint7"
                {
                    float drive:angular:physics:targetPosition.timeSamples = {
                        0: 0,
                        1: 0,
                        2: 0,
                        3: 0,
                        4: 0,
                        5: 0,
                        6: 0,
                        7: 0,
                        8: 0,
                        9: 0,
                        10: 0,
                        11: 0,
                        12: 0,
                        13: 0,
                        14: 0,
                        15: 0,
                        16: 0,
                        17: 0,
                        18: 0,
                        19: 0,
                        20: 0,
                        21: 0,
                        22: 0,
                        23: 0,
                        24: 0,
                        25: 0,
                        26: 0,
                        27: 0,
                        28: 0,
                        29: 0,
                        30: 0,
                        31: 0,
                        32: 0,
                        33: 0,
                        34: 0,
                        35: 0,
                        36: 0,
                        37: 0,
                        38: 0,
                        39: 0,
                        40: 0,
                        41: 0,
                        42: 0,
                        43: 0,
                        44: 0,
                        45: 0,
                        46: 0,
                        47: 0,
                        48: 0,
                        49: 0,
                        50: 0,
                        51: 0,
                        52: 0,
                        53: 0,
                        54: 0,
                        55: 0,
                        56: 0,
                        57: 0,
                        58: 0,
                        59: 0,
                        60: 0,
                        61: 0,
                        62: 0,
                        63: 0,
                        64: 0,
                        65: 0,
                        66: 0,
                        67: 0,
                        68: 0,
                        69: 0,
                        70: 0,
                        71: 0,
                        72: 0,
                        73: 0,
                        74: 0,
                        75: 0,
                        76: 0,
                        77: 0,
                        78: 0,
                        79: 0,
                        80: 0,
                        81: 0,
                        82: 0,
                        83: 0,
                        84: 0,
                        85: 0,
                        86: 0,
                        87: 0,
                        88: 0,
                        89: 0,
                        90: 0,
                        91: 0,
                        92: 0,
                        93: 0,
                        94: 0,
                        95: 0,
                        96: 0,
                        97: 0,
                        98: 0,
                        99: 0,
                        100: 0,
                        101: 0,
                        102: 0,
                        103: 0,
                        104: 0,
                        105: 0,
                        106: 0,
                        107: 0,
                        108: 0,
                        109: 0,
                        110: 0,
                        111: 0,
                        112: 0,
                        113: 0,
                        114: 0,
                        115: 0,
                        116: 0,
                        117: 0,
                        118: 0,
                        119: 0,
                        120: 0,
                        121: 0,
                        122: 0,
                        123: 0,
                        124: 0,
                        125: 0,
                        126: 0,
                        127: 0,
                        128: 0,
                        129: 0,
                        130: 0,
                        131: 0,
                        132: 0,
                        133: 0,
                        134: 0,
                        135: 0,
                        136: 0,
                        137: 0,
                        138: 0,
                        139: 0,
                        140: 0,
                        141: 0,
                        142: 0,
                        143: 0,
                        144: 0,
                        145: 0,
                        146: 0,
                        147: 0,
                        148: 0,
                        149: 0,
                        150: 0,
                        151: 0,
                        152: 0,
                        153: 0,
                        154: 0,
                        155: 0,
                        156: 0,
                        157: 0,
                        158: 0,
                        159: 0,
                        160: 0,
                        161: 0,
                        162: 0,
                        163: 0,
                        164: 0,
                        165: 0,
                        166: 0,
                        167: 0,
                        168: 0,
                        169: 0,
                        170: 0,
                        171: 0,
                        172: 0,
                        173: 0,
                        174: 0,
                        175: 0,
                        176: 0,
                        177: 0,
                        178: 0,
                        179: 0,
                        180: 0,
                        181: 0.00052017777,
                        182: 0.0020334222,
                        183: 0.0044688,
                        184: 0.007755378,
                        185: 0.011822222,
                        186: 0.0165984,
                        187: 0.022012977,
                        188: 0.027995022,
                        189: 0.0344736,
                        190: 0.04137778,
                        191: 0.048636623,
                        192: 0.0561792,
                        193: 0.06393458,
                        194: 0.07183182,
                        195: 0.0798,
                        196: 0.087768175,
                        197: 0.095665425,
                        198: 0.1034208,
                        199: 0.110963374,
                        200: 0.11822222,
                        201: 0.1251264,
                        202: 0.13160498,
                        203: 0.13758703,
                        204: 0.1430016,
                        205: 0.14777778,
                        206: 0.15184462,
                        207: 0.1551312,
                        208: 0.15756658,
                        209: 0.15907982,
                        210: 0.1596,
                        211: 0.1596,
                        212: 0.1596,
                        213: 0.1596,
                        214: 0.1596,
                        215: 0.1596,
                        216: 0.1596,
                        217: 0.1596,
                        218: 0.1596,
                        219: 0.1596,
                        220: 0.1596,
                        221: 0.1596,
                        222: 0.1596,
                        223: 0.1596,
                        224: 0.1596,
                        225: 0.1596,
                        226: 0.1596,
                        227: 0.1596,
                        228: 0.1596,
                        229: 0.1596,
                        230: 0.1596,
                        231: 0.1596,
                        232: 0.1596,
                        233: 0.1596,
                        234: 0.1596,
                        235: 0.1596,
                        236: 0.1596,
                        237: 0.1596,
                        238: 0.1596,
                        239: 0.1596,
                        240: 0.1596,
                        241: 0.1596,
                        242: 0.1596,
                        243: 0.1596,
                        244: 0.1596,
                        245: 0.1596,
                        246: 0.1596,
                        247: 0.1596,
                        248: 0.1596,
                        249: 0.1596,
                        250: 0.1596,
                        251: 0.1596,
                        252: 0.1596,
                        253: 0.1596,
                        254: 0.1596,
                        255: 0.1596,
                        256: 0.1596,
                        257: 0.1596,
                        258: 0.1596,
                        259: 0.1596,
                        260: 0.1596,
                        261: 0.1596,
                        262: 0.1596,
                        263: 0.1596,
                        264: 0.1596,
                        265: 0.1596,
                        266: 0.1596,
                        267: 0.1596,
                        268: 0.1596,
                        269: 0.1596,
                        270: 0.1596,
                        271: 0.1596,
                        272: 0.1596,
                        273: 0.1596,
                        274: 0.1596,
                        275: 0.1596,
                        276: 0.1596,
                        277: 0.1596,
                        278: 0.1596,
                        279: 0.1596,
                        280: 0.1596,
                        281: 0.1596,
                        282: 0.1596,
                        283: 0.1596,
                        284: 0.1596,
                        285: 0.1596,
                        286: 0.1596,
                        287: 0.1596,
                        288: 0.1596,
                        289: 0.1596,
                        290: 0.1596,
                        291: 0.1596,
                        292: 0.1596,
                        293: 0.1596,
                        294: 0.1596,
                        295: 0.1596,
                        296: 0.1596,
                        297: 0.1596,
                        298: 0.1596,
                        299: 0.1596,
                        300: 0.1596,
                        301: 0.1596,
                        302: 0.1596,
                        303: 0.1596,
                        304: 0.1596,
                        305: 0.1596,
                        306: 0.1596,
                        307: 0.1596,
                        308: 0.1596,
                        309: 0.1596,
                        310: 0.1596,
                        311: 0.1596,
                        312: 0.1596,
                        313: 0.1596,
                        314: 0.1596,
                        315: 0.1596,
                        316: 0.1596,
                        317: 0.1596,
                        318: 0.1596,
                        319: 0.1596,
                        320: 0.1596,
                        321: 0.1596,
                        322: 0.1596,
                        323: 0.1596,
                        324: 0.1596,
                        325: 0.1596,
                        326: 0.1596,
                        327: 0.1596,
                        328: 0.1596,
                        329: 0.1596,
                        330: 0.1596,
                        331: 0.1596,
                        332: 0.1596,
                        333: 0.1596,
                        334: 0.1596,
                        335: 0.1596,
                        336: 0.1596,
                        337: 0.1596,
                        338: 0.1596,
                        339: 0.1596,
                        340: 0.1596,
                        341: 0.1596,
                        342: 0.1596,
                        343: 0.1596,
                        344: 0.1596,
                        345: 0.1596,
                        346: 0.1596,
                        347: 0.1596,
                        348: 0.1596,
                        349: 0.1596,
                        350: 0.1596,
                        351: 0.1596,
                        352: 0.1596,
                        353: 0.1596,
                        354: 0.1596,
                        355: 0.1596,
                        356: 0.1596,
                        357: 0.1596,
                        358: 0.1596,
                        359: 0.1596,
                        360: 0.1596,
                        361: 0.1596,
                        362: 0.1596,
                        363: 0.1596,
                        364: 0.1596,
                        365: 0.1596,
                        366: 0.1596,
                        367: 0.1596,
                        368: 0.1596,
                        369: 0.1596,
                        370: 0.1596,
                        371: 0.1596,
                        372: 0.1596,
                        373: 0.1596,
                        374: 0.1596,
                        375: 0.1596,
                        376: 0.1596,
                        377: 0.1596,
                        378: 0.1596,
                        379: 0.1596,
                        380: 0.1596,
                        381: 0.1596,
                        382: 0.1596,
                        383: 0.1596,
                        384: 0.1596,
                        385: 0.1596,
                        386: 0.1596,
                        387: 0.1596,
                        388: 0.1596,
                        389: 0.1596,
                        390: 0.1596,
                        391: 0.1596,
                        392: 0.1596,
                        393: 0.1596,
                        394: 0.1596,
                        395: 0.1596,
                        396: 0.1596,
                        397: 0.1596,
                        398: 0.1596,
                        399: 0.1596,
                        400: 0.1596,
                        401: 0.1596,
                        402: 0.1596,
                        403: 0.1596,
                        404: 0.1596,
                        405: 0.1596,
                        406: 0.1596,
                        407: 0.1596,
                        408: 0.1596,
                        409: 0.1596,
                        410: 0.1596,
                        411: 0.1596,
                        412: 0.1596,
                        413: 0.1596,
                        414: 0.1596,
                        415: 0.1596,
                        416: 0.1596,
                        417: 0.1596,
                        418: 0.1596,
                        419: 0.1596,
                        420: 0.1596,
                        421: 0.1596,
                        422: 0.1596,
                        423: 0.1596,
                        424: 0.1596,
                        425: 0.1596,
                        426: 0.1596,
                        427: 0.1596,
                        428: 0.1596,
                        429: 0.1596,
                        430: 0.1596,
                        431: 0.1596,
                        432: 0.1596,
                        433: 0.1596,
                        434: 0.1596,
                        435: 0.1596,
                        436: 0.1596,
                        437: 0.1596,
                        438: 0.1596,
                        439: 0.1596,
                        440: 0.1596,
                        441: 0.1596,
                        442: 0.1596,
                        443: 0.1596,
                        444: 0.1596,
                        445: 0.1596,
                        446: 0.1596,
                        447: 0.1596,
                        448: 0.1596,
                        449: 0.1596,
                        450: 0.1596,
                        451: 0.1596,
                        452: 0.1596,
                        453: 0.1596,
                        454: 0.1596,
                        455: 0.1596,
                        456: 0.1596,
                        457: 0.1596,
                        458: 0.1596,
                        459: 0.1596,
                        460: 0.1596,
                        461: 0.1596,
                        462: 0.1596,
                        463: 0.1596,
                        464: 0.1596,
                        465: 0.1596,
                        466: 0.1596,
                        467: 0.1596,
                        468: 0.1596,
                        469: 0.1596,
                        470: 0.1596,
                        471: 0.1596,
                        472: 0.1596,
                        473: 0.1596,
                        474: 0.1596,
                        475: 0.1596,
                        476: 0.1596,
                        477: 0.1596,
                        478: 0.1596,
                        479: 0.1596,
                        480: 0.1596,
                        481: 0.1596,
                        482: 0.1596,
                        483: 0.1596,
                        484: 0.1596,
                        485: 0.1596,
                        486: 0.1596,
                        487: 0.1596,
                        488: 0.1596,
                        489: 0.1596,
                        490: 0.1596,
                        491: 0.1596,
                        492: 0.1596,
                        493: 0.1596,
                        494: 0.1596,
                        495: 0.1596,
                        496: 0.1596,
                        497: 0.1596,
                        498: 0.1596,
                        499: 0.1596,
                        500: 0.1596,
                        501: 0.1596,
                        502: 0.1596,
                        503: 0.1596,
                        504: 0.1596,
                        505: 0.1596,
                        506: 0.1596,
                        507: 0.1596,
                        508: 0.1596,
                        509: 0.1596,
                        510: 0.1596,
                        511: 0.1596,
                        512: 0.1596,
                        513: 0.1596,
                        514: 0.1596,
                        515: 0.1596,
                        516: 0.1596,
                        517: 0.1596,
                        518: 0.1596,
                        519: 0.1596,
                        520: 0.1596,
                        521: 0.1596,
                        522: 0.1596,
                        523: 0.1596,
                        524: 0.1596,
                        525: 0.1596,
                        526: 0.1596,
                        527: 0.1596,
                        528: 0.1596,
                        529: 0.1596,
                        530: 0.1596,
                        531: 0.1596,
                        532: 0.1596,
                        533: 0.1596,
                        534: 0.1596,
                        535: 0.1596,
                        536: 0.1596,
                        537: 0.1596,
                        538: 0.1596,
                        539: 0.1596,
                        540: 0.1596,
                        541: 0.1596,
                        542: 0.1596,
                        543: 0.1596,
                        544: 0.1596,
                        545: 0.1596,
                        546: 0.1596,
                        547: 0.1596,
                        548: 0.1596,
                        549: 0.1596,
                        550: 0.1596,
                        551: 0.1596,
                        552: 0.1596,
                        553: 0.1596,
                        554: 0.1596,
                        555: 0.1596,
                        556: 0.1596,
                        557: 0.1596,
                        558: 0.1596,
                        559: 0.1596,
                        560: 0.1596,
                        561: 0.1596,
                        562: 0.1596,
                        563: 0.1596,
                        564: 0.1596,
                        565: 0.1596,
                        566: 0.1596,
                        567: 0.1596,
                        568: 0.1596,
                        569: 0.1596,
                        570: 0.1596,
                        571: 0.1596,
                        572: 0.1596,
                        573: 0.1596,
                        574: 0.1596,
                        575: 0.1596,
                        576: 0.1596,
                        577: 0.1596,
                        578: 0.1596,
                        579: 0.1596,
                        580: 0.1596,
                        581: 0.1596,
                        582: 0.1596,
                        583: 0.1596,
                        584: 0.1596,
                        585: 0.1596,
                        586: 0.1596,
                        587: 0.1596,
                        588: 0.1596,
                        589: 0.1596,
                        590: 0.1596,
                        591: 0.1596,
                        592: 0.1596,
                        593: 0.1596,
                        594: 0.1596,
                        595: 0.1596,
                        596: 0.1596,
                        597: 0.1596,
                        598: 0.1596,
                        599: 0.1596,
                        600: 0.1596,
                        601: 0.1596,
                        602: 0.1596,
                        603: 0.1596,
                        604: 0.1596,
                        605: 0.1596,
                        606: 0.1596,
                        607: 0.1596,
                        608: 0.1596,
                        609: 0.1596,
                        610: 0.1596,
                        611: 0.1596,
                        612: 0.1596,
                        613: 0.1596,
                        614: 0.1596,
                        615: 0.1596,
                        616: 0.1596,
                        617: 0.1596,
                        618: 0.1596,
                        619: 0.1596,
                        620: 0.1596,
                        621: 0.1596,
                        622: 0.1596,
                        623: 0.1596,
                        624: 0.1596,
                        625: 0.1596,
                        626: 0.1596,
                        627: 0.1596,
                        628: 0.1596,
                        629: 0.1596,
                        630: 0.1596,
                        631: 0.1596,
                        632: 0.1596,
                        633: 0.1596,
                        634: 0.1596,
                        635: 0.1596,
                        636: 0.1596,
                        637: 0.1596,
                        638: 0.1596,
                        639: 0.1596,
                        640: 0.1596,
                        641: 0.1596,
                        642: 0.1596,
                        643: 0.1596,
                        644: 0.1596,
                        645: 0.1596,
                        646: 0.1596,
                        647: 0.1596,
                        648: 0.1596,
                        649: 0.1596,
                        650: 0.1596,
                        651: 0.1596,
                        652: 0.1596,
                        653: 0.1596,
                        654: 0.1596,
                        655: 0.1596,
                        656: 0.1596,
                        657: 0.1596,
                        658: 0.1596,
                        659: 0.1596,
                        660: 0.1596,
                        661: 0.15907982,
                        662: 0.15756658,
                        663: 0.1551312,
                        664: 0.15184462,
                        665: 0.14777778,
                        666: 0.1430016,
                        667: 0.13758703,
                        668: 0.13160498,
                        669: 0.1251264,
                        670: 0.11822222,
                        671: 0.110963374,
                        672: 0.1034208,
                        673: 0.095665425,
                        674: 0.087768175,
                        675: 0.0798,
                        676: 0.07183182,
                        677: 0.06393458,
                        678: 0.0561792,
                        679: 0.048636623,
                        680: 0.04137778,
                        681: 0.0344736,
                        682: 0.027995022,
                        683: 0.022012977,
                        684: 0.0165984,
                        685: 0.011822222,
                        686: 0.007755378,
                        687: 0.0044688,
                        688: 0.0020334222,
                        689: 0.00052017777,
                        690: 0,
                        691: 0,
                        692: 0,
                        693: 0,
                        694: 0,
                        695: 0,
                        696: 0,
                        697: 0,
                        698: 0,
                        699: 0,
                        700: 0,
                        701: 0,
                        702: 0,
                        703: 0,
                        704: 0,
                        705: 0,
                        706: 0,
                        707: 0,
                        708: 0,
                        709: 0,
                        710: 0,
                        711: 0,
                        712: 0,
                        713: 0,
                        714: 0,
                        715: 0,
                        716: 0,
                        717: 0,
                        718: 0,
                        719: 0,
                        720: 0,
                    }
                }

                over "gripper_r_joint1"
                {
                    float drive:angular:physics:targetPosition.timeSamples = {
                        0: 0,
                        1: 0,
                        2: 0,
                        3: 0,
                        4: 0,
                        5: 0,
                        6: 0,
                        7: 0,
                        8: 0,
                        9: 0,
                        10: 0,
                        11: 0,
                        12: 0,
                        13: 0,
                        14: 0,
                        15: 0,
                        16: 0,
                        17: 0,
                        18: 0,
                        19: 0,
                        20: 0,
                        21: 0,
                        22: 0,
                        23: 0,
                        24: 0,
                        25: 0,
                        26: 0,
                        27: 0,
                        28: 0,
                        29: 0,
                        30: 0,
                        31: 0,
                        32: 0,
                        33: 0,
                        34: 0,
                        35: 0,
                        36: 0,
                        37: 0,
                        38: 0,
                        39: 0,
                        40: 0,
                        41: 0,
                        42: 0,
                        43: 0,
                        44: 0,
                        45: 0,
                        46: 0,
                        47: 0,
                        48: 0,
                        49: 0,
                        50: 0,
                        51: 0,
                        52: 0,
                        53: 0,
                        54: 0,
                        55: 0,
                        56: 0,
                        57: 0,
                        58: 0,
                        59: 0,
                        60: 0,
                        61: 0,
                        62: 0,
                        63: 0,
                        64: 0,
                        65: 0,
                        66: 0,
                        67: 0,
                        68: 0,
                        69: 0,
                        70: 0,
                        71: 0,
                        72: 0,
                        73: 0,
                        74: 0,
                        75: 0,
                        76: 0,
                        77: 0,
                        78: 0,
                        79: 0,
                        80: 0,
                        81: 0,
                        82: 0,
                        83: 0,
                        84: 0,
                        85: 0,
                        86: 0,
                        87: 0,
                        88: 0,
                        89: 0,
                        90: 0,
                        91: 0,
                        92: 0,
                        93: 0,
                        94: 0,
                        95: 0,
                        96: 0,
                        97: 0,
                        98: 0,
                        99: 0,
                        100: 0,
                        101: 0,
                        102: 0,
                        103: 0,
                        104: 0,
                        105: 0,
                        106: 0,
                        107: 0,
                        108: 0,
                        109: 0,
                        110: 0,
                        111: 0,
                        112: 0,
                        113: 0,
                        114: 0,
                        115: 0,
                        116: 0,
                        117: 0,
                        118: 0,
                        119: 0,
                        120: 0,
                        121: 0,
                        122: 0,
                        123: 0,
                        124: 0,
                        125: 0,
                        126: 0,
                        127: 0,
                        128: 0,
                        129: 0,
                        130: 0,
                        131: 0,
                        132: 0,
                        133: 0,
                        134: 0,
                        135: 0,
                        136: 0,
                        137: 0,
                        138: 0,
                        139: 0,
                        140: 0,
                        141: 0,
                        142: 0,
                        143: 0,
                        144: 0,
                        145: 0,
                        146: 0,
                        147: 0,
                        148: 0,
                        149: 0,
                        150: 0,
                        151: 0,
                        152: 0,
                        153: 0,
                        154: 0,
                        155: 0,
                        156: 0,
                        157: 0,
                        158: 0,
                        159: 0,
                        160: 0,
                        161: 0,
                        162: 0,
                        163: 0,
                        164: 0,
                        165: 0,
                        166: 0,
                        167: 0,
                        168: 0,
                        169: 0,
                        170: 0,
                        171: 0,
                        172: 0,
                        173: 0,
                        174: 0,
                        175: 0,
                        176: 0,
                        177: 0,
                        178: 0,
                        179: 0,
                        180: 0,
                        181: 0,
                        182: 0,
                        183: 0,
                        184: 0,
                        185: 0,
                        186: 0,
                        187: 0,
                        188: 0,
                        189: 0,
                        190: 0,
                        191: 0,
                        192: 0,
                        193: 0,
                        194: 0,
                        195: 0,
                        196: 0,
                        197: 0,
                        198: 0,
                        199: 0,
                        200: 0,
                        201: 0,
                        202: 0,
                        203: 0,
                        204: 0,
                        205: 0,
                        206: 0,
                        207: 0,
                        208: 0,
                        209: 0,
                        210: 0,
                        211: 0,
                        212: 0,
                        213: 0,
                        214: 0,
                        215: 0,
                        216: 0,
                        217: 0,
                        218: 0,
                        219: 0,
                        220: 0,
                        221: 0,
                        222: 0,
                        223: 0,
                        224: 0,
                        225: 0,
                        226: 0,
                        227: 0,
                        228: 0,
                        229: 0,
                        230: 0,
                        231: 0,
                        232: 0,
                        233: 0,
                        234: 0,
                        235: 0,
                        236: 0,
                        237: 0,
                        238: 0,
                        239: 0,
                        240: 0,
                        241: 0,
                        242: 0,
                        243: 0,
                        244: 0,
                        245: 0,
                        246: 0,
                        247: 0,
                        248: 0,
                        249: 0,
                        250: 0,
                        251: 0,
                        252: 0,
                        253: 0,
                        254: 0,
                        255: 0,
                        256: 0,
                        257: 0,
                        258: 0,
                        259: 0,
                        260: 0,
                        261: 0,
                        262: 0,
                        263: 0,
                        264: 0,
                        265: 0,
                        266: 0,
                        267: 0,
                        268: 0,
                        269: 0,
                        270: 0,
                        271: 0,
                        272: 0,
                        273: 0,
                        274: 0,
                        275: 0,
                        276: 0,
                        277: 0,
                        278: 0,
                        279: 0,
                        280: 0,
                        281: 0,
                        282: 0,
                        283: 0,
                        284: 0,
                        285: 0,
                        286: 0,
                        287: 0,
                        288: 0,
                        289: 0,
                        290: 0,
                        291: 0,
                        292: 0,
                        293: 0,
                        294: 0,
                        295: 0,
                        296: 0,
                        297: 0,
                        298: 0,
                        299: 0,
                        300: 0,
                        301: 0.0032592593,
                        302: 0.012740741,
                        303: 0.028,
                        304: 0.048592594,
                        305: 0.074074075,
                        306: 0.104,
                        307: 0.13792592,
                        308: 0.17540741,
                        309: 0.216,
                        310: 0.25925925,
                        311: 0.30474073,
                        312: 0.352,
                        313: 0.4005926,
                        314: 0.45007408,
                        315: 0.5,
                        316: 0.5499259,
                        317: 0.59940743,
                        318: 0.648,
                        319: 0.6952593,
                        320: 0.7407407,
                        321: 0.784,
                        322: 0.8245926,
                        323: 0.8620741,
                        324: 0.896,
                        325: 0.9259259,
                        326: 0.95140743,
                        327: 0.972,
                        328: 0.98725927,
                        329: 0.99674076,
                        330: 1,
                        331: 1,
                        332: 1,
                        333: 1,
                        334: 1,
                        335: 1,
                        336: 1,
                        337: 1,
                        338: 1,
                        339: 1,
                        340: 1,
                        341: 1,
                        342: 1,
                        343: 1,
                        344: 1,
                        345: 1,
                        346: 1,
                        347: 1,
                        348: 1,
                        349: 1,
                        350: 1,
                        351: 1,
                        352: 1,
                        353: 1,
                        354: 1,
                        355: 1,
                        356: 1,
                        357: 1,
                        358: 1,
                        359: 1,
                        360: 1,
                        361: 0.9996741,
                        362: 0.99872595,
                        363: 0.9972,
                        364: 0.99514073,
                        365: 0.9925926,
                        366: 0.9896,
                        367: 0.9862074,
                        368: 0.98245925,
                        369: 0.9784,
                        370: 0.97407407,
                        371: 0.96952593,
                        372: 0.9648,
                        373: 0.95994073,
                        374: 0.9549926,
                        375: 0.95,
                        376: 0.9450074,
                        377: 0.94005924,
                        378: 0.9352,
                        379: 0.9304741,
                        380: 0.9259259,
                        381: 0.9216,
                        382: 0.9175407,
                        383: 0.9137926,
                        384: 0.9104,
                        385: 0.9074074,
                        386: 0.90485924,
                        387: 0.9028,
                        388: 0.9012741,
                        389: 0.90032595,
                        390: 0.9,
                        391: 0.9,
                        392: 0.9,
                        393: 0.9,
                        394: 0.9,
                        395: 0.9,
                        396: 0.9,
                        397: 0.9,
                        398: 0.9,
                        399: 0.9,
                        400: 0.9,
                        401: 0.9,
                        402: 0.9,
                        403: 0.9,
                        404: 0.9,
                        405: 0.9,
                        406: 0.9,
                        407: 0.9,
                        408: 0.9,
                        409: 0.9,
                        410: 0.9,
                        411: 0.9,
                        412: 0.9,
                        413: 0.9,
                        414: 0.9,
                        415: 0.9,
                        416: 0.9,
                        417: 0.9,
                        418: 0.9,
                        419: 0.9,
                        420: 0.9,
                        421: 0.9,
                        422: 0.9,
                        423: 0.9,
                        424: 0.9,
                        425: 0.9,
                        426: 0.9,
                        427: 0.9,
                        428: 0.9,
                        429: 0.9,
                        430: 0.9,
                        431: 0.9,
                        432: 0.9,
                        433: 0.9,
                        434: 0.9,
                        435: 0.9,
                        436: 0.9,
                        437: 0.9,
                        438: 0.9,
                        439: 0.9,
                        440: 0.9,
                        441: 0.9,
                        442: 0.9,
                        443: 0.9,
                        444: 0.9,
                        445: 0.9,
                        446: 0.9,
                        447: 0.9,
                        448: 0.9,
                        449: 0.9,
                        450: 0.9,
                        451: 0.9,
                        452: 0.9,
                        453: 0.9,
                        454: 0.9,
                        455: 0.9,
                        456: 0.9,
                        457: 0.9,
                        458: 0.9,
                        459: 0.9,
                        460: 0.9,
                        461: 0.9,
                        462: 0.9,
                        463: 0.9,
                        464: 0.9,
                        465: 0.9,
                        466: 0.9,
                        467: 0.9,
                        468: 0.9,
                        469: 0.9,
                        470: 0.9,
                        471: 0.9,
                        472: 0.9,
                        473: 0.9,
                        474: 0.9,
                        475: 0.9,
                        476: 0.9,
                        477: 0.9,
                        478: 0.9,
                        479: 0.9,
                        480: 0.9,
                        481: 0.89706665,
                        482: 0.88853335,
                        483: 0.8748,
                        484: 0.8562667,
                        485: 0.8333333,
                        486: 0.8064,
                        487: 0.7758667,
                        488: 0.7421333,
                        489: 0.7056,
                        490: 0.6666667,
                        491: 0.6257333,
                        492: 0.5832,
                        493: 0.5394667,
                        494: 0.49493334,
                        495: 0.45,
                        496: 0.40506667,
                        497: 0.36053333,
                        498: 0.3168,
                        499: 0.27426666,
                        500: 0.23333333,
                        501: 0.1944,
                        502: 0.15786667,
                        503: 0.12413333,
                        504: 0.0936,
                        505: 0.06666667,
                        506: 0.043733332,
                        507: 0.0252,
                        508: 0.011466667,
                        509: 0.0029333334,
                        510: 0,
                        511: 0,
                        512: 0,
                        513: 0,
                        514: 0,
                        515: 0,
                        516: 0,
                        517: 0,
                        518: 0,
                        519: 0,
                        520: 0,
                        521: 0,
                        522: 0,
                        523: 0,
                        524: 0,
                        525: 0,
                        526: 0,
                        527: 0,
                        528: 0,
                        529: 0,
                        530: 0,
                        531: 0,
                        532: 0,
                        533: 0,
                        534: 0,
                        535: 0,
                        536: 0,
                        537: 0,
                        538: 0,
                        539: 0,
                        540: 0,
                        541: 0.0032592593,
                        542: 0.012740741,
                        543: 0.028,
                        544: 0.048592594,
                        545: 0.074074075,
                        546: 0.104,
                        547: 0.13792592,
                        548: 0.17540741,
                        549: 0.216,
                        550: 0.25925925,
                        551: 0.30474073,
                        552: 0.352,
                        553: 0.4005926,
                        554: 0.45007408,
                        555: 0.5,
                        556: 0.5499259,
                        557: 0.59940743,
                        558: 0.648,
                        559: 0.6952593,
                        560: 0.7407407,
                        561: 0.784,
                        562: 0.8245926,
                        563: 0.8620741,
                        564: 0.896,
                        565: 0.9259259,
                        566: 0.95140743,
                        567: 0.972,
                        568: 0.98725927,
                        569: 0.99674076,
                        570: 1,
                        571: 1,
                        572: 1,
                        573: 1,
                        574: 1,
                        575: 1,
                        576: 1,
                        577: 1,
                        578: 1,
                        579: 1,
                        580: 1,
                        581: 1,
                        582: 1,
                        583: 1,
                        584: 1,
                        585: 1,
                        586: 1,
                        587: 1,
                        588: 1,
                        589: 1,
                        590: 1,
                        591: 1,
                        592: 1,
                        593: 1,
                        594: 1,
                        595: 1,
                        596: 1,
                        597: 1,
                        598: 1,
                        599: 1,
                        600: 1,
                        601: 1,
                        602: 1,
                        603: 1,
                        604: 1,
                        605: 1,
                        606: 1,
                        607: 1,
                        608: 1,
                        609: 1,
                        610: 1,
                        611: 1,
                        612: 1,
                        613: 1,
                        614: 1,
                        615: 1,
                        616: 1,
                        617: 1,
                        618: 1,
                        619: 1,
                        620: 1,
                        621: 1,
                        622: 1,
                        623: 1,
                        624: 1,
                        625: 1,
                        626: 1,
                        627: 1,
                        628: 1,
                        629: 1,
                        630: 1,
                        631: 1,
                        632: 1,
                        633: 1,
                        634: 1,
                        635: 1,
                        636: 1,
                        637: 1,
                        638: 1,
                        639: 1,
                        640: 1,
                        641: 1,
                        642: 1,
                        643: 1,
                        644: 1,
                        645: 1,
                        646: 1,
                        647: 1,
                        648: 1,
                        649: 1,
                        650: 1,
                        651: 1,
                        652: 1,
                        653: 1,
                        654: 1,
                        655: 1,
                        656: 1,
                        657: 1,
                        658: 1,
                        659: 1,
                        660: 1,
                        661: 0.99674076,
                        662: 0.98725927,
                        663: 0.972,
                        664: 0.95140743,
                        665: 0.9259259,
                        666: 0.896,
                        667: 0.8620741,
                        668: 0.8245926,
                        669: 0.784,
                        670: 0.7407407,
                        671: 0.6952593,
                        672: 0.648,
                        673: 0.59940743,
                        674: 0.5499259,
                        675: 0.5,
                        676: 0.45007408,
                        677: 0.4005926,
                        678: 0.352,
                        679: 0.30474073,
                        680: 0.25925925,
                        681: 0.216,
                        682: 0.17540741,
                        683: 0.13792592,
                        684: 0.104,
                        685: 0.074074075,
                        686: 0.048592594,
                        687: 0.028,
                        688: 0.012740741,
                        689: 0.0032592593,
                        690: 0,
                        691: 0,
                        692: 0,
                        693: 0,
                        694: 0,
                        695: 0,
                        696: 0,
                        697: 0,
                        698: 0,
                        699: 0,
                        700: 0,
                        701: 0,
                        702: 0,
                        703: 0,
                        704: 0,
                        705: 0,
                        706: 0,
                        707: 0,
                        708: 0,
                        709: 0,
                        710: 0,
                        711: 0,
                        712: 0,
                        713: 0,
                        714: 0,
                        715: 0,
                        716: 0,
                        717: 0,
                        718: 0,
                        719: 0,
                        720: 0,
                    }
                }

                over "lift_joint"
                {
                    float drive:linear:physics:targetPosition.timeSamples = {
                        0: 0,
                        1: 0,
                        2: 0,
                        3: 0,
                        4: 0,
                        5: 0,
                        6: 0,
                        7: 0,
                        8: 0,
                        9: 0,
                        10: 0,
                        11: 0,
                        12: 0,
                        13: 0,
                        14: 0,
                        15: 0,
                        16: 0,
                        17: 0,
                        18: 0,
                        19: 0,
                        20: 0,
                        21: 0,
                        22: 0,
                        23: 0,
                        24: 0,
                        25: 0,
                        26: 0,
                        27: 0,
                        28: 0,
                        29: 0,
                        30: 0,
                        31: 0,
                        32: 0,
                        33: 0,
                        34: 0,
                        35: 0,
                        36: 0,
                        37: 0,
                        38: 0,
                        39: 0,
                        40: 0,
                        41: 0,
                        42: 0,
                        43: 0,
                        44: 0,
                        45: 0,
                        46: 0,
                        47: 0,
                        48: 0,
                        49: 0,
                        50: 0,
                        51: 0,
                        52: 0,
                        53: 0,
                        54: 0,
                        55: 0,
                        56: 0,
                        57: 0,
                        58: 0,
                        59: 0,
                        60: 0,
                        61: 0,
                        62: 0,
                        63: 0,
                        64: 0,
                        65: 0,
                        66: 0,
                        67: 0,
                        68: 0,
                        69: 0,
                        70: 0,
                        71: 0,
                        72: 0,
                        73: 0,
                        74: 0,
                        75: 0,
                        76: 0,
                        77: 0,
                        78: 0,
                        79: 0,
                        80: 0,
                        81: 0,
                        82: 0,
                        83: 0,
                        84: 0,
                        85: 0,
                        86: 0,
                        87: 0,
                        88: 0,
                        89: 0,
                        90: 0,
                        91: 0,
                        92: 0,
                        93: 0,
                        94: 0,
                        95: 0,
                        96: 0,
                        97: 0,
                        98: 0,
                        99: 0,
                        100: 0,
                        101: 0,
                        102: 0,
                        103: 0,
                        104: 0,
                        105: 0,
                        106: 0,
                        107: 0,
                        108: 0,
                        109: 0,
                        110: 0,
                        111: 0,
                        112: 0,
                        113: 0,
                        114: 0,
                        115: 0,
                        116: 0,
                        117: 0,
                        118: 0,
                        119: 0,
                        120: 0,
                        121: 0,
                        122: 0,
                        123: 0,
                        124: 0,
                        125: 0,
                        126: 0,
                        127: 0,
                        128: 0,
                        129: 0,
                        130: 0,
                        131: 0,
                        132: 0,
                        133: 0,
                        134: 0,
                        135: 0,
                        136: 0,
                        137: 0,
                        138: 0,
                        139: 0,
                        140: 0,
                        141: 0,
                        142: 0,
                        143: 0,
                        144: 0,
                        145: 0,
                        146: 0,
                        147: 0,
                        148: 0,
                        149: 0,
                        150: 0,
                        151: 0,
                        152: 0,
                        153: 0,
                        154: 0,
                        155: 0,
                        156: 0,
                        157: 0,
                        158: 0,
                        159: 0,
                        160: 0,
                        161: 0,
                        162: 0,
                        163: 0,
                        164: 0,
                        165: 0,
                        166: 0,
                        167: 0,
                        168: 0,
                        169: 0,
                        170: 0,
                        171: 0,
                        172: 0,
                        173: 0,
                        174: 0,
                        175: 0,
                        176: 0,
                        177: 0,
                        178: 0,
                        179: 0,
                        180: 0,
                        181: 0,
                        182: 0,
                        183: 0,
                        184: 0,
                        185: 0,
                        186: 0,
                        187: 0,
                        188: 0,
                        189: 0,
                        190: 0,
                        191: 0,
                        192: 0,
                        193: 0,
                        194: 0,
                        195: 0,
                        196: 0,
                        197: 0,
                        198: 0,
                        199: 0,
                        200: 0,
                        201: 0,
                        202: 0,
                        203: 0,
                        204: 0,
                        205: 0,
                        206: 0,
                        207: 0,
                        208: 0,
                        209: 0,
                        210: 0,
                        211: 0,
                        212: 0,
                        213: 0,
                        214: 0,
                        215: 0,
                        216: 0,
                        217: 0,
                        218: 0,
                        219: 0,
                        220: 0,
                        221: 0,
                        222: 0,
                        223: 0,
                        224: 0,
                        225: 0,
                        226: 0,
                        227: 0,
                        228: 0,
                        229: 0,
                        230: 0,
                        231: 0,
                        232: 0,
                        233: 0,
                        234: 0,
                        235: 0,
                        236: 0,
                        237: 0,
                        238: 0,
                        239: 0,
                        240: 0,
                        241: -0.0003585185,
                        242: -0.0014014815,
                        243: -0.00308,
                        244: -0.0053451853,
                        245: -0.008148148,
                        246: -0.01144,
                        247: -0.015171852,
                        248: -0.019294815,
                        249: -0.02376,
                        250: -0.028518518,
                        251: -0.03352148,
                        252: -0.03872,
                        253: -0.044065185,
                        254: -0.049508147,
                        255: -0.055,
                        256: -0.060491852,
                        257: -0.065934815,
                        258: -0.07128,
                        259: -0.07647852,
                        260: -0.08148148,
                        261: -0.08624,
                        262: -0.090705186,
                        263: -0.09482815,
                        264: -0.09856,
                        265: -0.10185185,
                        266: -0.10465481,
                        267: -0.10692,
                        268: -0.108598515,
                        269: -0.109641485,
                        270: -0.11,
                        271: -0.11,
                        272: -0.11,
                        273: -0.11,
                        274: -0.11,
                        275: -0.11,
                        276: -0.11,
                        277: -0.11,
                        278: -0.11,
                        279: -0.11,
                        280: -0.11,
                        281: -0.11,
                        282: -0.11,
                        283: -0.11,
                        284: -0.11,
                        285: -0.11,
                        286: -0.11,
                        287: -0.11,
                        288: -0.11,
                        289: -0.11,
                        290: -0.11,
                        291: -0.11,
                        292: -0.11,
                        293: -0.11,
                        294: -0.11,
                        295: -0.11,
                        296: -0.11,
                        297: -0.11,
                        298: -0.11,
                        299: -0.11,
                        300: -0.11,
                        301: -0.109902225,
                        302: -0.10961778,
                        303: -0.10916,
                        304: -0.10854222,
                        305: -0.107777774,
                        306: -0.10688,
                        307: -0.10586222,
                        308: -0.10473778,
                        309: -0.10352,
                        310: -0.10222222,
                        311: -0.10085778,
                        312: -0.09944,
                        313: -0.09798222,
                        314: -0.096497774,
                        315: -0.095,
                        316: -0.09350222,
                        317: -0.09201778,
                        318: -0.09056,
                        319: -0.089142226,
                        320: -0.08777778,
                        321: -0.08648,
                        322: -0.085262224,
                        323: -0.084137775,
                        324: -0.08312,
                        325: -0.08222222,
                        326: -0.08145778,
                        327: -0.08084,
                        328: -0.08038222,
                        329: -0.08009778,
                        330: -0.08,
                        331: -0.08,
                        332: -0.08,
                        333: -0.08,
                        334: -0.08,
                        335: -0.08,
                        336: -0.08,
                        337: -0.08,
                        338: -0.08,
                        339: -0.08,
                        340: -0.08,
                        341: -0.08,
                        342: -0.08,
                        343: -0.08,
                        344: -0.08,
                        345: -0.08,
                        346: -0.08,
                        347: -0.08,
                        348: -0.08,
                        349: -0.08,
                        350: -0.08,
                        351: -0.08,
                        352: -0.08,
                        353: -0.08,
                        354: -0.08,
                        355: -0.08,
                        356: -0.08,
                        357: -0.08,
                        358: -0.08,
                        359: -0.08,
                        360: -0.08,
                        361: -0.08,
                        362: -0.08,
                        363: -0.08,
                        364: -0.08,
                        365: -0.08,
                        366: -0.08,
                        367: -0.08,
                        368: -0.08,
                        369: -0.08,
                        370: -0.08,
                        371: -0.08,
                        372: -0.08,
                        373: -0.08,
                        374: -0.08,
                        375: -0.08,
                        376: -0.08,
                        377: -0.08,
                        378: -0.08,
                        379: -0.08,
                        380: -0.08,
                        381: -0.08,
                        382: -0.08,
                        383: -0.08,
                        384: -0.08,
                        385: -0.08,
                        386: -0.08,
                        387: -0.08,
                        388: -0.08,
                        389: -0.08,
                        390: -0.08,
                        391: -0.08,
                        392: -0.08,
                        393: -0.08,
                        394: -0.08,
                        395: -0.08,
                        396: -0.08,
                        397: -0.08,
                        398: -0.08,
                        399: -0.08,
                        400: -0.08,
                        401: -0.08,
                        402: -0.08,
                        403: -0.08,
                        404: -0.08,
                        405: -0.08,
                        406: -0.08,
                        407: -0.08,
                        408: -0.08,
                        409: -0.08,
                        410: -0.08,
                        411: -0.08,
                        412: -0.08,
                        413: -0.08,
                        414: -0.08,
                        415: -0.08,
                        416: -0.08,
                        417: -0.08,
                        418: -0.08,
                        419: -0.08,
                        420: -0.08,
                        421: -0.08,
                        422: -0.08,
                        423: -0.08,
                        424: -0.08,
                        425: -0.08,
                        426: -0.08,
                        427: -0.08,
                        428: -0.08,
                        429: -0.08,
                        430: -0.08,
                        431: -0.08,
                        432: -0.08,
                        433: -0.08,
                        434: -0.08,
                        435: -0.08,
                        436: -0.08,
                        437: -0.08,
                        438: -0.08,
                        439: -0.08,
                        440: -0.08,
                        441: -0.08,
                        442: -0.08,
                        443: -0.08,
                        444: -0.08,
                        445: -0.08,
                        446: -0.08,
                        447: -0.08,
                        448: -0.08,
                        449: -0.08,
                        450: -0.08,
                        451: -0.08,
                        452: -0.08,
                        453: -0.08,
                        454: -0.08,
                        455: -0.08,
                        456: -0.08,
                        457: -0.08,
                        458: -0.08,
                        459: -0.08,
                        460: -0.08,
                        461: -0.08,
                        462: -0.08,
                        463: -0.08,
                        464: -0.08,
                        465: -0.08,
                        466: -0.08,
                        467: -0.08,
                        468: -0.08,
                        469: -0.08,
                        470: -0.08,
                        471: -0.08,
                        472: -0.08,
                        473: -0.08,
                        474: -0.08,
                        475: -0.08,
                        476: -0.08,
                        477: -0.08,
                        478: -0.08,
                        479: -0.08,
                        480: -0.08,
                        481: -0.08,
                        482: -0.08,
                        483: -0.08,
                        484: -0.08,
                        485: -0.08,
                        486: -0.08,
                        487: -0.08,
                        488: -0.08,
                        489: -0.08,
                        490: -0.08,
                        491: -0.08,
                        492: -0.08,
                        493: -0.08,
                        494: -0.08,
                        495: -0.08,
                        496: -0.08,
                        497: -0.08,
                        498: -0.08,
                        499: -0.08,
                        500: -0.08,
                        501: -0.08,
                        502: -0.08,
                        503: -0.08,
                        504: -0.08,
                        505: -0.08,
                        506: -0.08,
                        507: -0.08,
                        508: -0.08,
                        509: -0.08,
                        510: -0.08,
                        511: -0.08,
                        512: -0.08,
                        513: -0.08,
                        514: -0.08,
                        515: -0.08,
                        516: -0.08,
                        517: -0.08,
                        518: -0.08,
                        519: -0.08,
                        520: -0.08,
                        521: -0.08,
                        522: -0.08,
                        523: -0.08,
                        524: -0.08,
                        525: -0.08,
                        526: -0.08,
                        527: -0.08,
                        528: -0.08,
                        529: -0.08,
                        530: -0.08,
                        531: -0.08,
                        532: -0.08,
                        533: -0.08,
                        534: -0.08,
                        535: -0.08,
                        536: -0.08,
                        537: -0.08,
                        538: -0.08,
                        539: -0.08,
                        540: -0.08,
                        541: -0.08,
                        542: -0.08,
                        543: -0.08,
                        544: -0.08,
                        545: -0.08,
                        546: -0.08,
                        547: -0.08,
                        548: -0.08,
                        549: -0.08,
                        550: -0.08,
                        551: -0.08,
                        552: -0.08,
                        553: -0.08,
                        554: -0.08,
                        555: -0.08,
                        556: -0.08,
                        557: -0.08,
                        558: -0.08,
                        559: -0.08,
                        560: -0.08,
                        561: -0.08,
                        562: -0.08,
                        563: -0.08,
                        564: -0.08,
                        565: -0.08,
                        566: -0.08,
                        567: -0.08,
                        568: -0.08,
                        569: -0.08,
                        570: -0.08,
                        571: -0.08,
                        572: -0.08,
                        573: -0.08,
                        574: -0.08,
                        575: -0.08,
                        576: -0.08,
                        577: -0.08,
                        578: -0.08,
                        579: -0.08,
                        580: -0.08,
                        581: -0.08,
                        582: -0.08,
                        583: -0.08,
                        584: -0.08,
                        585: -0.08,
                        586: -0.08,
                        587: -0.08,
                        588: -0.08,
                        589: -0.08,
                        590: -0.08,
                        591: -0.08,
                        592: -0.08,
                        593: -0.08,
                        594: -0.08,
                        595: -0.08,
                        596: -0.08,
                        597: -0.08,
                        598: -0.08,
                        599: -0.08,
                        600: -0.08,
                        601: -0.08,
                        602: -0.08,
                        603: -0.08,
                        604: -0.08,
                        605: -0.08,
                        606: -0.08,
                        607: -0.08,
                        608: -0.08,
                        609: -0.08,
                        610: -0.08,
                        611: -0.08,
                        612: -0.08,
                        613: -0.08,
                        614: -0.08,
                        615: -0.08,
                        616: -0.08,
                        617: -0.08,
                        618: -0.08,
                        619: -0.08,
                        620: -0.08,
                        621: -0.08,
                        622: -0.08,
                        623: -0.08,
                        624: -0.08,
                        625: -0.08,
                        626: -0.08,
                        627: -0.08,
                        628: -0.08,
                        629: -0.08,
                        630: -0.08,
                        631: -0.08,
                        632: -0.08,
                        633: -0.08,
                        634: -0.08,
                        635: -0.08,
                        636: -0.08,
                        637: -0.08,
                        638: -0.08,
                        639: -0.08,
                        640: -0.08,
                        641: -0.08,
                        642: -0.08,
                        643: -0.08,
                        644: -0.08,
                        645: -0.08,
                        646: -0.08,
                        647: -0.08,
                        648: -0.08,
                        649: -0.08,
                        650: -0.08,
                        651: -0.08,
                        652: -0.08,
                        653: -0.08,
                        654: -0.08,
                        655: -0.08,
                        656: -0.08,
                        657: -0.08,
                        658: -0.08,
                        659: -0.08,
                        660: -0.08,
                        661: -0.07973926,
                        662: -0.078980744,
                        663: -0.07776,
                        664: -0.07611259,
                        665: -0.074074075,
                        666: -0.07168,
                        667: -0.06896593,
                        668: -0.06596741,
                        669: -0.06272,
                        670: -0.05925926,
                        671: -0.05562074,
                        672: -0.05184,
                        673: -0.047952592,
                        674: -0.043994073,
                        675: -0.04,
                        676: -0.036005925,
                        677: -0.032047406,
                        678: -0.02816,
                        679: -0.024379259,
                        680: -0.02074074,
                        681: -0.01728,
                        682: -0.014032593,
                        683: -0.011034074,
                        684: -0.00832,
                        685: -0.005925926,
                        686: -0.0038874075,
                        687: -0.00224,
                        688: -0.0010192592,
                        689: -0.00026074075,
                        690: 0,
                        691: 0,
                        692: 0,
                        693: 0,
                        694: 0,
                        695: 0,
                        696: 0,
                        697: 0,
                        698: 0,
                        699: 0,
                        700: 0,
                        701: 0,
                        702: 0,
                        703: 0,
                        704: 0,
                        705: 0,
                        706: 0,
                        707: 0,
                        708: 0,
                        709: 0,
                        710: 0,
                        711: 0,
                        712: 0,
                        713: 0,
                        714: 0,
                        715: 0,
                        716: 0,
                        717: 0,
                        718: 0,
                        719: 0,
                        720: 0,
                    }
                }

                over "head_joint1"
                {
                    float drive:angular:physics:targetPosition.timeSamples = {
                        0: 0,
                        1: 0,
                        2: 0,
                        3: 0,
                        4: 0,
                        5: 0,
                        6: 0,
                        7: 0,
                        8: 0,
                        9: 0,
                        10: 0,
                        11: 0,
                        12: 0,
                        13: 0,
                        14: 0,
                        15: 0,
                        16: 0,
                        17: 0,
                        18: 0,
                        19: 0,
                        20: 0,
                        21: 0,
                        22: 0,
                        23: 0,
                        24: 0,
                        25: 0,
                        26: 0,
                        27: 0,
                        28: 0,
                        29: 0,
                        30: 0,
                        31: 0,
                        32: 0,
                        33: 0,
                        34: 0,
                        35: 0,
                        36: 0,
                        37: 0,
                        38: 0,
                        39: 0,
                        40: 0,
                        41: 0,
                        42: 0,
                        43: 0,
                        44: 0,
                        45: 0,
                        46: 0,
                        47: 0,
                        48: 0,
                        49: 0,
                        50: 0,
                        51: 0,
                        52: 0,
                        53: 0,
                        54: 0,
                        55: 0,
                        56: 0,
                        57: 0,
                        58: 0,
                        59: 0,
                        60: 0,
                        61: 0,
                        62: 0,
                        63: 0,
                        64: 0,
                        65: 0,
                        66: 0,
                        67: 0,
                        68: 0,
                        69: 0,
                        70: 0,
                        71: 0,
                        72: 0,
                        73: 0,
                        74: 0,
                        75: 0,
                        76: 0,
                        77: 0,
                        78: 0,
                        79: 0,
                        80: 0,
                        81: 0,
                        82: 0,
                        83: 0,
                        84: 0,
                        85: 0,
                        86: 0,
                        87: 0,
                        88: 0,
                        89: 0,
                        90: 0,
                        91: 0,
                        92: 0,
                        93: 0,
                        94: 0,
                        95: 0,
                        96: 0,
                        97: 0,
                        98: 0,
                        99: 0,
                        100: 0,
                        101: 0,
                        102: 0,
                        103: 0,
                        104: 0,
                        105: 0,
                        106: 0,
                        107: 0,
                        108: 0,
                        109: 0,
                        110: 0,
                        111: 0,
                        112: 0,
                        113: 0,
                        114: 0,
                        115: 0,
                        116: 0,
                        117: 0,
                        118: 0,
                        119: 0,
                        120: 0,
                        121: 0,
                        122: 0,
                        123: 0,
                        124: 0,
                        125: 0,
                        126: 0,
                        127: 0,
                        128: 0,
                        129: 0,
                        130: 0,
                        131: 0,
                        132: 0,
                        133: 0,
                        134: 0,
                        135: 0,
                        136: 0,
                        137: 0,
                        138: 0,
                        139: 0,
                        140: 0,
                        141: 0,
                        142: 0,
                        143: 0,
                        144: 0,
                        145: 0,
                        146: 0,
                        147: 0,
                        148: 0,
                        149: 0,
                        150: 0,
                        151: 0,
                        152: 0,
                        153: 0,
                        154: 0,
                        155: 0,
                        156: 0,
                        157: 0,
                        158: 0,
                        159: 0,
                        160: 0,
                        161: 0,
                        162: 0,
                        163: 0,
                        164: 0,
                        165: 0,
                        166: 0,
                        167: 0,
                        168: 0,
                        169: 0,
                        170: 0,
                        171: 0,
                        172: 0,
                        173: 0,
                        174: 0,
                        175: 0,
                        176: 0,
                        177: 0,
                        178: 0,
                        179: 0,
                        180: 0,
                        181: 0,
                        182: 0,
                        183: 0,
                        184: 0,
                        185: 0,
                        186: 0,
                        187: 0,
                        188: 0,
                        189: 0,
                        190: 0,
                        191: 0,
                        192: 0,
                        193: 0,
                        194: 0,
                        195: 0,
                        196: 0,
                        197: 0,
                        198: 0,
                        199: 0,
                        200: 0,
                        201: 0,
                        202: 0,
                        203: 0,
                        204: 0,
                        205: 0,
                        206: 0,
                        207: 0,
                        208: 0,
                        209: 0,
                        210: 0,
                        211: 0,
                        212: 0,
                        213: 0,
                        214: 0,
                        215: 0,
                        216: 0,
                        217: 0,
                        218: 0,
                        219: 0,
                        220: 0,
                        221: 0,
                        222: 0,
                        223: 0,
                        224: 0,
                        225: 0,
                        226: 0,
                        227: 0,
                        228: 0,
                        229: 0,
                        230: 0,
                        231: 0,
                        232: 0,
                        233: 0,
                        234: 0,
                        235: 0,
                        236: 0,
                        237: 0,
                        238: 0,
                        239: 0,
                        240: 0,
                        241: 0,
                        242: 0,
                        243: 0,
                        244: 0,
                        245: 0,
                        246: 0,
                        247: 0,
                        248: 0,
                        249: 0,
                        250: 0,
                        251: 0,
                        252: 0,
                        253: 0,
                        254: 0,
                        255: 0,
                        256: 0,
                        257: 0,
                        258: 0,
                        259: 0,
                        260: 0,
                        261: 0,
                        262: 0,
                        263: 0,
                        264: 0,
                        265: 0,
                        266: 0,
                        267: 0,
                        268: 0,
                        269: 0,
                        270: 0,
                        271: 0,
                        272: 0,
                        273: 0,
                        274: 0,
                        275: 0,
                        276: 0,
                        277: 0,
                        278: 0,
                        279: 0,
                        280: 0,
                        281: 0,
                        282: 0,
                        283: 0,
                        284: 0,
                        285: 0,
                        286: 0,
                        287: 0,
                        288: 0,
                        289: 0,
                        290: 0,
                        291: 0,
                        292: 0,
                        293: 0,
                        294: 0,
                        295: 0,
                        296: 0,
                        297: 0,
                        298: 0,
                        299: 0,
                        300: 0,
                        301: 0,
                        302: 0,
                        303: 0,
                        304: 0,
                        305: 0,
                        306: 0,
                        307: 0,
                        308: 0,
                        309: 0,
                        310: 0,
                        311: 0,
                        312: 0,
                        313: 0,
                        314: 0,
                        315: 0,
                        316: 0,
                        317: 0,
                        318: 0,
                        319: 0,
                        320: 0,
                        321: 0,
                        322: 0,
                        323: 0,
                        324: 0,
                        325: 0,
                        326: 0,
                        327: 0,
                        328: 0,
                        329: 0,
                        330: 0,
                        331: 0,
                        332: 0,
                        333: 0,
                        334: 0,
                        335: 0,
                        336: 0,
                        337: 0,
                        338: 0,
                        339: 0,
                        340: 0,
                        341: 0,
                        342: 0,
                        343: 0,
                        344: 0,
                        345: 0,
                        346: 0,
                        347: 0,
                        348: 0,
                        349: 0,
                        350: 0,
                        351: 0,
                        352: 0,
                        353: 0,
                        354: 0,
                        355: 0,
                        356: 0,
                        357: 0,
                        358: 0,
                        359: 0,
                        360: 0,
                        361: 0,
                        362: 0,
                        363: 0,
                        364: 0,
                        365: 0,
                        366: 0,
                        367: 0,
                        368: 0,
                        369: 0,
                        370: 0,
                        371: 0,
                        372: 0,
                        373: 0,
                        374: 0,
                        375: 0,
                        376: 0,
                        377: 0,
                        378: 0,
                        379: 0,
                        380: 0,
                        381: 0,
                        382: 0,
                        383: 0,
                        384: 0,
                        385: 0,
                        386: 0,
                        387: 0,
                        388: 0,
                        389: 0,
                        390: 0,
                        391: 0,
                        392: 0,
                        393: 0,
                        394: 0,
                        395: 0,
                        396: 0,
                        397: 0,
                        398: 0,
                        399: 0,
                        400: 0,
                        401: 0,
                        402: 0,
                        403: 0,
                        404: 0,
                        405: 0,
                        406: 0,
                        407: 0,
                        408: 0,
                        409: 0,
                        410: 0,
                        411: 0,
                        412: 0,
                        413: 0,
                        414: 0,
                        415: 0,
                        416: 0,
                        417: 0,
                        418: 0,
                        419: 0,
                        420: 0,
                        421: 0,
                        422: 0,
                        423: 0,
                        424: 0,
                        425: 0,
                        426: 0,
                        427: 0,
                        428: 0,
                        429: 0,
                        430: 0,
                        431: 0,
                        432: 0,
                        433: 0,
                        434: 0,
                        435: 0,
                        436: 0,
                        437: 0,
                        438: 0,
                        439: 0,
                        440: 0,
                        441: 0,
                        442: 0,
                        443: 0,
                        444: 0,
                        445: 0,
                        446: 0,
                        447: 0,
                        448: 0,
                        449: 0,
                        450: 0,
                        451: 0,
                        452: 0,
                        453: 0,
                        454: 0,
                        455: 0,
                        456: 0,
                        457: 0,
                        458: 0,
                        459: 0,
                        460: 0,
                        461: 0,
                        462: 0,
                        463: 0,
                        464: 0,
                        465: 0,
                        466: 0,
                        467: 0,
                        468: 0,
                        469: 0,
                        470: 0,
                        471: 0,
                        472: 0,
                        473: 0,
                        474: 0,
                        475: 0,
                        476: 0,
                        477: 0,
                        478: 0,
                        479: 0,
                        480: 0,
                        481: 0,
                        482: 0,
                        483: 0,
                        484: 0,
                        485: 0,
                        486: 0,
                        487: 0,
                        488: 0,
                        489: 0,
                        490: 0,
                        491: 0,
                        492: 0,
                        493: 0,
                        494: 0,
                        495: 0,
                        496: 0,
                        497: 0,
                        498: 0,
                        499: 0,
                        500: 0,
                        501: 0,
                        502: 0,
                        503: 0,
                        504: 0,
                        505: 0,
                        506: 0,
                        507: 0,
                        508: 0,
                        509: 0,
                        510: 0,
                        511: 0,
                        512: 0,
                        513: 0,
                        514: 0,
                        515: 0,
                        516: 0,
                        517: 0,
                        518: 0,
                        519: 0,
                        520: 0,
                        521: 0,
                        522: 0,
                        523: 0,
                        524: 0,
                        525: 0,
                        526: 0,
                        527: 0,
                        528: 0,
                        529: 0,
                        530: 0,
                        531: 0,
                        532: 0,
                        533: 0,
                        534: 0,
                        535: 0,
                        536: 0,
                        537: 0,
                        538: 0,
                        539: 0,
                        540: 0,
                        541: 0,
                        542: 0,
                        543: 0,
                        544: 0,
                        545: 0,
                        546: 0,
                        547: 0,
                        548: 0,
                        549: 0,
                        550: 0,
                        551: 0,
                        552: 0,
                        553: 0,
                        554: 0,
                        555: 0,
                        556: 0,
                        557: 0,
                        558: 0,
                        559: 0,
                        560: 0,
                        561: 0,
                        562: 0,
                        563: 0,
                        564: 0,
                        565: 0,
                        566: 0,
                        567: 0,
                        568: 0,
                        569: 0,
                        570: 0,
                        571: 0,
                        572: 0,
                        573: 0,
                        574: 0,
                        575: 0,
                        576: 0,
                        577: 0,
                        578: 0,
                        579: 0,
                        580: 0,
                        581: 0,
                        582: 0,
                        583: 0,
                        584: 0,
                        585: 0,
                        586: 0,
                        587: 0,
                        588: 0,
                        589: 0,
                        590: 0,
                        591: 0,
                        592: 0,
                        593: 0,
                        594: 0,
                        595: 0,
                        596: 0,
                        597: 0,
                        598: 0,
                        599: 0,
                        600: 0,
                        601: 0,
                        602: 0,
                        603: 0,
                        604: 0,
                        605: 0,
                        606: 0,
                        607: 0,
                        608: 0,
                        609: 0,
                        610: 0,
                        611: 0,
                        612: 0,
                        613: 0,
                        614: 0,
                        615: 0,
                        616: 0,
                        617: 0,
                        618: 0,
                        619: 0,
                        620: 0,
                        621: 0,
                        622: 0,
                        623: 0,
                        624: 0,
                        625: 0,
                        626: 0,
                        627: 0,
                        628: 0,
                        629: 0,
                        630: 0,
                        631: 0,
                        632: 0,
                        633: 0,
                        634: 0,
                        635: 0,
                        636: 0,
                        637: 0,
                        638: 0,
                        639: 0,
                        640: 0,
                        641: 0,
                        642: 0,
                        643: 0,
                        644: 0,
                        645: 0,
                        646: 0,
                        647: 0,
                        648: 0,
                        649: 0,
                        650: 0,
                        651: 0,
                        652: 0,
                        653: 0,
                        654: 0,
                        655: 0,
                        656: 0,
                        657: 0,
                        658: 0,
                        659: 0,
                        660: 0,
                        661: 0,
                        662: 0,
                        663: 0,
                        664: 0,
                        665: 0,
                        666: 0,
                        667: 0,
                        668: 0,
                        669: 0,
                        670: 0,
                        671: 0,
                        672: 0,
                        673: 0,
                        674: 0,
                        675: 0,
                        676: 0,
                        677: 0,
                        678: 0,
                        679: 0,
                        680: 0,
                        681: 0,
                        682: 0,
                        683: 0,
                        684: 0,
                        685: 0,
                        686: 0,
                        687: 0,
                        688: 0,
                        689: 0,
                        690: 0,
                        691: 0,
                        692: 0,
                        693: 0,
                        694: 0,
                        695: 0,
                        696: 0,
                        697: 0,
                        698: 0,
                        699: 0,
                        700: 0,
                        701: 0,
                        702: 0,
                        703: 0,
                        704: 0,
                        705: 0,
                        706: 0,
                        707: 0,
                        708: 0,
                        709: 0,
                        710: 0,
                        711: 0,
                        712: 0,
                        713: 0,
                        714: 0,
                        715: 0,
                        716: 0,
                        717: 0,
                        718: 0,
                        719: 0,
                        720: 0,
                    }
                }

                over "head_joint2"
                {
                    float drive:angular:physics:targetPosition.timeSamples = {
                        0: 0,
                        1: 0,
                        2: 0,
                        3: 0,
                        4: 0,
                        5: 0,
                        6: 0,
                        7: 0,
                        8: 0,
                        9: 0,
                        10: 0,
                        11: 0,
                        12: 0,
                        13: 0,
                        14: 0,
                        15: 0,
                        16: 0,
                        17: 0,
                        18: 0,
                        19: 0,
                        20: 0,
                        21: 0,
                        22: 0,
                        23: 0,
                        24: 0,
                        25: 0,
                        26: 0,
                        27: 0,
                        28: 0,
                        29: 0,
                        30: 0,
                        31: 0,
                        32: 0,
                        33: 0,
                        34: 0,
                        35: 0,
                        36: 0,
                        37: 0,
                        38: 0,
                        39: 0,
                        40: 0,
                        41: 0,
                        42: 0,
                        43: 0,
                        44: 0,
                        45: 0,
                        46: 0,
                        47: 0,
                        48: 0,
                        49: 0,
                        50: 0,
                        51: 0,
                        52: 0,
                        53: 0,
                        54: 0,
                        55: 0,
                        56: 0,
                        57: 0,
                        58: 0,
                        59: 0,
                        60: 0,
                        61: 0,
                        62: 0,
                        63: 0,
                        64: 0,
                        65: 0,
                        66: 0,
                        67: 0,
                        68: 0,
                        69: 0,
                        70: 0,
                        71: 0,
                        72: 0,
                        73: 0,
                        74: 0,
                        75: 0,
                        76: 0,
                        77: 0,
                        78: 0,
                        79: 0,
                        80: 0,
                        81: 0,
                        82: 0,
                        83: 0,
                        84: 0,
                        85: 0,
                        86: 0,
                        87: 0,
                        88: 0,
                        89: 0,
                        90: 0,
                        91: 0,
                        92: 0,
                        93: 0,
                        94: 0,
                        95: 0,
                        96: 0,
                        97: 0,
                        98: 0,
                        99: 0,
                        100: 0,
                        101: 0,
                        102: 0,
                        103: 0,
                        104: 0,
                        105: 0,
                        106: 0,
                        107: 0,
                        108: 0,
                        109: 0,
                        110: 0,
                        111: 0,
                        112: 0,
                        113: 0,
                        114: 0,
                        115: 0,
                        116: 0,
                        117: 0,
                        118: 0,
                        119: 0,
                        120: 0,
                        121: 0,
                        122: 0,
                        123: 0,
                        124: 0,
                        125: 0,
                        126: 0,
                        127: 0,
                        128: 0,
                        129: 0,
                        130: 0,
                        131: 0,
                        132: 0,
                        133: 0,
                        134: 0,
                        135: 0,
                        136: 0,
                        137: 0,
                        138: 0,
                        139: 0,
                        140: 0,
                        141: 0,
                        142: 0,
                        143: 0,
                        144: 0,
                        145: 0,
                        146: 0,
                        147: 0,
                        148: 0,
                        149: 0,
                        150: 0,
                        151: 0,
                        152: 0,
                        153: 0,
                        154: 0,
                        155: 0,
                        156: 0,
                        157: 0,
                        158: 0,
                        159: 0,
                        160: 0,
                        161: 0,
                        162: 0,
                        163: 0,
                        164: 0,
                        165: 0,
                        166: 0,
                        167: 0,
                        168: 0,
                        169: 0,
                        170: 0,
                        171: 0,
                        172: 0,
                        173: 0,
                        174: 0,
                        175: 0,
                        176: 0,
                        177: 0,
                        178: 0,
                        179: 0,
                        180: 0,
                        181: 0,
                        182: 0,
                        183: 0,
                        184: 0,
                        185: 0,
                        186: 0,
                        187: 0,
                        188: 0,
                        189: 0,
                        190: 0,
                        191: 0,
                        192: 0,
                        193: 0,
                        194: 0,
                        195: 0,
                        196: 0,
                        197: 0,
                        198: 0,
                        199: 0,
                        200: 0,
                        201: 0,
                        202: 0,
                        203: 0,
                        204: 0,
                        205: 0,
                        206: 0,
                        207: 0,
                        208: 0,
                        209: 0,
                        210: 0,
                        211: 0,
                        212: 0,
                        213: 0,
                        214: 0,
                        215: 0,
                        216: 0,
                        217: 0,
                        218: 0,
                        219: 0,
                        220: 0,
                        221: 0,
                        222: 0,
                        223: 0,
                        224: 0,
                        225: 0,
                        226: 0,
                        227: 0,
                        228: 0,
                        229: 0,
                        230: 0,
                        231: 0,
                        232: 0,
                        233: 0,
                        234: 0,
                        235: 0,
                        236: 0,
                        237: 0,
                        238: 0,
                        239: 0,
                        240: 0,
                        241: 0,
                        242: 0,
                        243: 0,
                        244: 0,
                        245: 0,
                        246: 0,
                        247: 0,
                        248: 0,
                        249: 0,
                        250: 0,
                        251: 0,
                        252: 0,
                        253: 0,
                        254: 0,
                        255: 0,
                        256: 0,
                        257: 0,
                        258: 0,
                        259: 0,
                        260: 0,
                        261: 0,
                        262: 0,
                        263: 0,
                        264: 0,
                        265: 0,
                        266: 0,
                        267: 0,
                        268: 0,
                        269: 0,
                        270: 0,
                        271: 0,
                        272: 0,
                        273: 0,
                        274: 0,
                        275: 0,
                        276: 0,
                        277: 0,
                        278: 0,
                        279: 0,
                        280: 0,
                        281: 0,
                        282: 0,
                        283: 0,
                        284: 0,
                        285: 0,
                        286: 0,
                        287: 0,
                        288: 0,
                        289: 0,
                        290: 0,
                        291: 0,
                        292: 0,
                        293: 0,
                        294: 0,
                        295: 0,
                        296: 0,
                        297: 0,
                        298: 0,
                        299: 0,
                        300: 0,
                        301: 0,
                        302: 0,
                        303: 0,
                        304: 0,
                        305: 0,
                        306: 0,
                        307: 0,
                        308: 0,
                        309: 0,
                        310: 0,
                        311: 0,
                        312: 0,
                        313: 0,
                        314: 0,
                        315: 0,
                        316: 0,
                        317: 0,
                        318: 0,
                        319: 0,
                        320: 0,
                        321: 0,
                        322: 0,
                        323: 0,
                        324: 0,
                        325: 0,
                        326: 0,
                        327: 0,
                        328: 0,
                        329: 0,
                        330: 0,
                        331: 0,
                        332: 0,
                        333: 0,
                        334: 0,
                        335: 0,
                        336: 0,
                        337: 0,
                        338: 0,
                        339: 0,
                        340: 0,
                        341: 0,
                        342: 0,
                        343: 0,
                        344: 0,
                        345: 0,
                        346: 0,
                        347: 0,
                        348: 0,
                        349: 0,
                        350: 0,
                        351: 0,
                        352: 0,
                        353: 0,
                        354: 0,
                        355: 0,
                        356: 0,
                        357: 0,
                        358: 0,
                        359: 0,
                        360: 0,
                        361: 0,
                        362: 0,
                        363: 0,
                        364: 0,
                        365: 0,
                        366: 0,
                        367: 0,
                        368: 0,
                        369: 0,
                        370: 0,
                        371: 0,
                        372: 0,
                        373: 0,
                        374: 0,
                        375: 0,
                        376: 0,
                        377: 0,
                        378: 0,
                        379: 0,
                        380: 0,
                        381: 0,
                        382: 0,
                        383: 0,
                        384: 0,
                        385: 0,
                        386: 0,
                        387: 0,
                        388: 0,
                        389: 0,
                        390: 0,
                        391: 0,
                        392: 0,
                        393: 0,
                        394: 0,
                        395: 0,
                        396: 0,
                        397: 0,
                        398: 0,
                        399: 0,
                        400: 0,
                        401: 0,
                        402: 0,
                        403: 0,
                        404: 0,
                        405: 0,
                        406: 0,
                        407: 0,
                        408: 0,
                        409: 0,
                        410: 0,
                        411: 0,
                        412: 0,
                        413: 0,
                        414: 0,
                        415: 0,
                        416: 0,
                        417: 0,
                        418: 0,
                        419: 0,
                        420: 0,
                        421: 0,
                        422: 0,
                        423: 0,
                        424: 0,
                        425: 0,
                        426: 0,
                        427: 0,
                        428: 0,
                        429: 0,
                        430: 0,
                        431: 0,
                        432: 0,
                        433: 0,
                        434: 0,
                        435: 0,
                        436: 0,
                        437: 0,
                        438: 0,
                        439: 0,
                        440: 0,
                        441: 0,
                        442: 0,
                        443: 0,
                        444: 0,
                        445: 0,
                        446: 0,
                        447: 0,
                        448: 0,
                        449: 0,
                        450: 0,
                        451: 0,
                        452: 0,
                        453: 0,
                        454: 0,
                        455: 0,
                        456: 0,
                        457: 0,
                        458: 0,
                        459: 0,
                        460: 0,
                        461: 0,
                        462: 0,
                        463: 0,
                        464: 0,
                        465: 0,
                        466: 0,
                        467: 0,
                        468: 0,
                        469: 0,
                        470: 0,
                        471: 0,
                        472: 0,
                        473: 0,
                        474: 0,
                        475: 0,
                        476: 0,
                        477: 0,
                        478: 0,
                        479: 0,
                        480: 0,
                        481: 0,
                        482: 0,
                        483: 0,
                        484: 0,
                        485: 0,
                        486: 0,
                        487: 0,
                        488: 0,
                        489: 0,
                        490: 0,
                        491: 0,
                        492: 0,
                        493: 0,
                        494: 0,
                        495: 0,
                        496: 0,
                        497: 0,
                        498: 0,
                        499: 0,
                        500: 0,
                        501: 0,
                        502: 0,
                        503: 0,
                        504: 0,
                        505: 0,
                        506: 0,
                        507: 0,
                        508: 0,
                        509: 0,
                        510: 0,
                        511: 0,
                        512: 0,
                        513: 0,
                        514: 0,
                        515: 0,
                        516: 0,
                        517: 0,
                        518: 0,
                        519: 0,
                        520: 0,
                        521: 0,
                        522: 0,
                        523: 0,
                        524: 0,
                        525: 0,
                        526: 0,
                        527: 0,
                        528: 0,
                        529: 0,
                        530: 0,
                        531: 0,
                        532: 0,
                        533: 0,
                        534: 0,
                        535: 0,
                        536: 0,
                        537: 0,
                        538: 0,
                        539: 0,
                        540: 0,
                        541: 0.0021181926,
                        542: 0.008280207,
                        543: 0.0181972,
                        544: 0.031580325,
                        545: 0.048140742,
                        546: 0.0675896,
                        547: 0.08963806,
                        548: 0.11399727,
                        549: 0.1403784,
                        550: 0.16849259,
                        551: 0.198051,
                        552: 0.2287648,
                        553: 0.26034513,
                        554: 0.29250315,
                        555: 0.32495,
                        556: 0.35739687,
                        557: 0.3895549,
                        558: 0.4211352,
                        559: 0.45184898,
                        560: 0.4814074,
                        561: 0.5095216,
                        562: 0.53590274,
                        563: 0.56026196,
                        564: 0.5823104,
                        565: 0.60175925,
                        566: 0.6183197,
                        567: 0.6317028,
                        568: 0.6416198,
                        569: 0.6477818,
                        570: 0.6499,
                        571: 0.6499,
                        572: 0.6499,
                        573: 0.6499,
                        574: 0.6499,
                        575: 0.6499,
                        576: 0.6499,
                        577: 0.6499,
                        578: 0.6499,
                        579: 0.6499,
                        580: 0.6499,
                        581: 0.6499,
                        582: 0.6499,
                        583: 0.6499,
                        584: 0.6499,
                        585: 0.6499,
                        586: 0.6499,
                        587: 0.6499,
                        588: 0.6499,
                        589: 0.6499,
                        590: 0.6499,
                        591: 0.6499,
                        592: 0.6499,
                        593: 0.6499,
                        594: 0.6499,
                        595: 0.6499,
                        596: 0.6499,
                        597: 0.6499,
                        598: 0.6499,
                        599: 0.6499,
                        600: 0.6499,
                        601: 0.6499,
                        602: 0.6499,
                        603: 0.6499,
                        604: 0.6499,
                        605: 0.6499,
                        606: 0.6499,
                        607: 0.6499,
                        608: 0.6499,
                        609: 0.6499,
                        610: 0.6499,
                        611: 0.6499,
                        612: 0.6499,
                        613: 0.6499,
                        614: 0.6499,
                        615: 0.6499,
                        616: 0.6499,
                        617: 0.6499,
                        618: 0.6499,
                        619: 0.6499,
                        620: 0.6499,
                        621: 0.6499,
                        622: 0.6499,
                        623: 0.6499,
                        624: 0.6499,
                        625: 0.6499,
                        626: 0.6499,
                        627: 0.6499,
                        628: 0.6499,
                        629: 0.6499,
                        630: 0.6499,
                        631: 0.6499,
                        632: 0.6499,
                        633: 0.6499,
                        634: 0.6499,
                        635: 0.6499,
                        636: 0.6499,
                        637: 0.6499,
                        638: 0.6499,
                        639: 0.6499,
                        640: 0.6499,
                        641: 0.6499,
                        642: 0.6499,
                        643: 0.6499,
                        644: 0.6499,
                        645: 0.6499,
                        646: 0.6499,
                        647: 0.6499,
                        648: 0.6499,
                        649: 0.6499,
                        650: 0.6499,
                        651: 0.6499,
                        652: 0.6499,
                        653: 0.6499,
                        654: 0.6499,
                        655: 0.6499,
                        656: 0.6499,
                        657: 0.6499,
                        658: 0.6499,
                        659: 0.6499,
                        660: 0.6499,
                        661: 0.6477818,
                        662: 0.6416198,
                        663: 0.6317028,
                        664: 0.6183197,
                        665: 0.60175925,
                        666: 0.5823104,
                        667: 0.56026196,
                        668: 0.53590274,
                        669: 0.5095216,
                        670: 0.4814074,
                        671: 0.45184898,
                        672: 0.4211352,
                        673: 0.3895549,
                        674: 0.35739687,
                        675: 0.32495,
                        676: 0.29250315,
                        677: 0.26034513,
                        678: 0.2287648,
                        679: 0.198051,
                        680: 0.16849259,
                        681: 0.1403784,
                        682: 0.11399727,
                        683: 0.08963806,
                        684: 0.0675896,
                        685: 0.048140742,
                        686: 0.031580325,
                        687: 0.0181972,
                        688: 0.008280207,
                        689: 0.0021181926,
                        690: 0,
                        691: 0,
                        692: 0,
                        693: 0,
                        694: 0,
                        695: 0,
                        696: 0,
                        697: 0,
                        698: 0,
                        699: 0,
                        700: 0,
                        701: 0,
                        702: 0,
                        703: 0,
                        704: 0,
                        705: 0,
                        706: 0,
                        707: 0,
                        708: 0,
                        709: 0,
                        710: 0,
                        711: 0,
                        712: 0,
                        713: 0,
                        714: 0,
                        715: 0,
                        716: 0,
                        717: 0,
                        718: 0,
                        719: 0,
                        720: 0,
                    }
                }
            }
        }
    }
}

